"","time","control"
"1",2001.74794520548,0
"2",2001.75068493151,0
"3",2001.75342465753,0
"4",2001.75616438356,0
"5",2001.75890410959,0
"6",2001.76164383562,0
"7",2001.76438356164,0
"8",2001.76712328767,0
"9",2001.7698630137,0
"10",2001.77260273973,0
"11",2001.77534246575,0
"12",2001.77808219178,0
"13",2001.78082191781,0
"14",2001.78356164384,0
"15",2001.78630136986,0
"16",2001.78904109589,0
"17",2001.79178082192,0
"18",2001.79452054795,0
"19",2001.79726027397,0
"20",2001.8,0
"21",2001.80273972603,0
"22",2001.80547945205,0
"23",2001.80821917808,0
"24",2001.81095890411,0
"25",2001.81369863014,0
"26",2001.81643835616,0
"27",2001.81917808219,0
"28",2001.82191780822,0
"29",2001.82465753425,0
"30",2001.82739726027,0
"31",2001.8301369863,0
"32",2001.83287671233,0
"33",2001.83561643836,0
"34",2001.83835616438,0
"35",2001.84109589041,0
"36",2001.84383561644,0
"37",2001.84657534247,0
"38",2001.84931506849,0
"39",2001.85205479452,0
"40",2001.85479452055,0
"41",2001.85753424658,0
"42",2001.8602739726,0
"43",2001.86301369863,0
"44",2001.86575342466,0
"45",2001.86849315069,0
"46",2001.87123287671,0
"47",2001.87397260274,0
"48",2001.87671232877,0
"49",2001.87945205479,0
"50",2001.88219178082,0
"51",2001.88493150685,0
"52",2001.88767123288,0
"53",2001.8904109589,0
"54",2001.89315068493,0
"55",2001.89589041096,0
"56",2001.89863013699,0
"57",2001.90136986301,0
"58",2001.90410958904,0
"59",2001.90684931507,0
"60",2001.9095890411,0
"61",2001.91232876712,0
"62",2001.91506849315,0
"63",2001.91780821918,0
"64",2001.92054794521,0
"65",2001.92328767123,0
"66",2001.92602739726,0
"67",2001.92876712329,0
"68",2001.93150684932,0
"69",2001.93424657534,0
"70",2001.93698630137,0
"71",2001.9397260274,0
"72",2001.94246575342,0
"73",2001.94520547945,0
"74",2001.94794520548,0
"75",2001.95068493151,0
"76",2001.95342465753,0
"77",2001.95616438356,0
"78",2001.95890410959,0
"79",2001.96164383562,0
"80",2001.96438356164,0
"81",2001.96712328767,0
"82",2001.9698630137,0
"83",2001.97260273973,0
"84",2001.97534246575,0
"85",2001.97808219178,0
"86",2001.98082191781,0
"87",2001.98356164384,0
"88",2001.98630136986,0
"89",2001.98904109589,0
"90",2001.99178082192,0
"91",2001.99452054795,0
"92",2001.99726027397,0
"93",2002,0
"94",2002.00273972603,0
"95",2002.00547945205,0
"96",2002.00821917808,0
"97",2002.01095890411,0
"98",2002.01369863014,0
"99",2002.01643835616,0
"100",2002.01917808219,0
"101",2002.02191780822,0
"102",2002.02465753425,0
"103",2002.02739726027,0
"104",2002.0301369863,0
"105",2002.03287671233,0
"106",2002.03561643836,0
"107",2002.03835616438,0
"108",2002.04109589041,0
"109",2002.04383561644,0
"110",2002.04657534247,0
"111",2002.04931506849,0
"112",2002.05205479452,0
"113",2002.05479452055,0
"114",2002.05753424658,0
"115",2002.0602739726,0
"116",2002.06301369863,0
"117",2002.06575342466,0
"118",2002.06849315068,0
"119",2002.07123287671,0
"120",2002.07397260274,0
"121",2002.07671232877,0
"122",2002.07945205479,0
"123",2002.08219178082,0
"124",2002.08493150685,0
"125",2002.08767123288,0
"126",2002.0904109589,0
"127",2002.09315068493,0
"128",2002.09589041096,0
"129",2002.09863013699,0
"130",2002.10136986301,0
"131",2002.10410958904,0
"132",2002.10684931507,0
"133",2002.1095890411,0
"134",2002.11232876712,0
"135",2002.11506849315,0
"136",2002.11780821918,0
"137",2002.12054794521,0
"138",2002.12328767123,0
"139",2002.12602739726,0
"140",2002.12876712329,0
"141",2002.13150684931,0
"142",2002.13424657534,0
"143",2002.13698630137,0
"144",2002.1397260274,0
"145",2002.14246575342,0
"146",2002.14520547945,0
"147",2002.14794520548,0
"148",2002.15068493151,0
"149",2002.15342465753,0
"150",2002.15616438356,0
"151",2002.15890410959,0
"152",2002.16164383562,0
"153",2002.16438356164,0
"154",2002.16712328767,0
"155",2002.1698630137,0
"156",2002.17260273973,0
"157",2002.17534246575,0
"158",2002.17808219178,0
"159",2002.18082191781,0
"160",2002.18356164384,0
"161",2002.18630136986,0
"162",2002.18904109589,0
"163",2002.19178082192,0
"164",2002.19452054795,0
"165",2002.19726027397,0
"166",2002.2,0
"167",2002.20273972603,0
"168",2002.20547945205,0
"169",2002.20821917808,0
"170",2002.21095890411,0
"171",2002.21369863014,0
"172",2002.21643835616,0
"173",2002.21917808219,0
"174",2002.22191780822,0
"175",2002.22465753425,0
"176",2002.22739726027,0
"177",2002.2301369863,0
"178",2002.23287671233,0
"179",2002.23561643836,0
"180",2002.23835616438,0
"181",2002.24109589041,0
"182",2002.24383561644,0
"183",2002.24657534247,0
"184",2002.24931506849,0
"185",2002.25205479452,0
"186",2002.25479452055,0
"187",2002.25753424658,0
"188",2002.2602739726,0
"189",2002.26301369863,0
"190",2002.26575342466,0
"191",2002.26849315068,0
"192",2002.27123287671,0
"193",2002.27397260274,0
"194",2002.27671232877,0
"195",2002.27945205479,0
"196",2002.28219178082,0
"197",2002.28493150685,0
"198",2002.28767123288,0
"199",2002.2904109589,0
"200",2002.29315068493,0
"201",2002.29589041096,0
"202",2002.29863013699,0
"203",2002.30136986301,0
"204",2002.30410958904,0
"205",2002.30684931507,0
"206",2002.3095890411,0
"207",2002.31232876712,0
"208",2002.31506849315,0
"209",2002.31780821918,0
"210",2002.32054794521,0
"211",2002.32328767123,0
"212",2002.32602739726,0
"213",2002.32876712329,0
"214",2002.33150684932,0
"215",2002.33424657534,0
"216",2002.33698630137,0
"217",2002.3397260274,0
"218",2002.34246575342,0
"219",2002.34520547945,0
"220",2002.34794520548,0
"221",2002.35068493151,0
"222",2002.35342465753,0
"223",2002.35616438356,0
"224",2002.35890410959,0
"225",2002.36164383562,0
"226",2002.36438356164,0
"227",2002.36712328767,0
"228",2002.3698630137,0
"229",2002.37260273973,0
"230",2002.37534246575,0
"231",2002.37808219178,0
"232",2002.38082191781,0
"233",2002.38356164384,0
"234",2002.38630136986,0
"235",2002.38904109589,0
"236",2002.39178082192,0
"237",2002.39452054795,0
"238",2002.39726027397,0
"239",2002.4,0
"240",2002.40273972603,0
"241",2002.40547945205,0
"242",2002.40821917808,0
"243",2002.41095890411,0
"244",2002.41369863014,0
"245",2002.41643835616,0
"246",2002.41917808219,0
"247",2002.42191780822,0
"248",2002.42465753425,0
"249",2002.42739726027,0
"250",2002.4301369863,0
"251",2002.43287671233,0
"252",2002.43561643836,0
"253",2002.43835616438,0
"254",2002.44109589041,0
"255",2002.44383561644,0
"256",2002.44657534247,0
"257",2002.44931506849,0
"258",2002.45205479452,0
"259",2002.45479452055,0
"260",2002.45753424658,0
"261",2002.4602739726,0
"262",2002.46301369863,0
"263",2002.46575342466,0
"264",2002.46849315068,0
"265",2002.47123287671,0
"266",2002.47397260274,0
"267",2002.47671232877,0
"268",2002.47945205479,0
"269",2002.48219178082,0
"270",2002.48493150685,0
"271",2002.48767123288,0
"272",2002.4904109589,0
"273",2002.49315068493,0
"274",2002.49589041096,0
"275",2002.49863013699,0
"276",2002.50136986301,0
"277",2002.50410958904,0
"278",2002.50684931507,0
"279",2002.5095890411,0
"280",2002.51232876712,0
"281",2002.51506849315,0
"282",2002.51780821918,0
"283",2002.52054794521,0
"284",2002.52328767123,0
"285",2002.52602739726,0
"286",2002.52876712329,0
"287",2002.53150684932,0
"288",2002.53424657534,0
"289",2002.53698630137,0
"290",2002.5397260274,0
"291",2002.54246575342,0
"292",2002.54520547945,0
"293",2002.54794520548,0
"294",2002.55068493151,0
"295",2002.55342465753,0
"296",2002.55616438356,0
"297",2002.55890410959,0
"298",2002.56164383562,0
"299",2002.56438356164,0
"300",2002.56712328767,0
"301",2002.5698630137,0
"302",2002.57260273973,0
"303",2002.57534246575,0
"304",2002.57808219178,0
"305",2002.58082191781,0
"306",2002.58356164384,0
"307",2002.58630136986,0
"308",2002.58904109589,0
"309",2002.59178082192,0
"310",2002.59452054795,0
"311",2002.59726027397,0
"312",2002.6,0
"313",2002.60273972603,0
"314",2002.60547945205,0
"315",2002.60821917808,0
"316",2002.61095890411,0
"317",2002.61369863014,0
"318",2002.61643835616,0
"319",2002.61917808219,0
"320",2002.62191780822,0
"321",2002.62465753425,0
"322",2002.62739726027,0
"323",2002.6301369863,0
"324",2002.63287671233,0
"325",2002.63561643836,0
"326",2002.63835616438,0
"327",2002.64109589041,0
"328",2002.64383561644,0
"329",2002.64657534247,0
"330",2002.64931506849,0
"331",2002.65205479452,0
"332",2002.65479452055,0
"333",2002.65753424658,0
"334",2002.6602739726,0
"335",2002.66301369863,0
"336",2002.66575342466,0
"337",2002.66849315068,0
"338",2002.67123287671,0
"339",2002.67397260274,0
"340",2002.67671232877,0
"341",2002.67945205479,0
"342",2002.68219178082,0
"343",2002.68493150685,0
"344",2002.68767123288,0
"345",2002.6904109589,0
"346",2002.69315068493,0
"347",2002.69589041096,0
"348",2002.69863013699,0
"349",2002.70136986301,0
"350",2002.70410958904,0
"351",2002.70684931507,0
"352",2002.7095890411,0
"353",2002.71232876712,0
"354",2002.71506849315,0
"355",2002.71780821918,0
"356",2002.72054794521,0
"357",2002.72328767123,0
"358",2002.72602739726,0
"359",2002.72876712329,0
"360",2002.73150684932,0
"361",2002.73424657534,0
"362",2002.73698630137,0
"363",2002.7397260274,0
"364",2002.74246575342,0
"365",2002.74520547945,0
"366",2002.74794520548,0
"367",2002.75068493151,0
"368",2002.75342465753,0
"369",2002.75616438356,0
"370",2002.75890410959,0
"371",2002.76164383562,0
"372",2002.76438356164,0
"373",2002.76712328767,0
"374",2002.7698630137,0
"375",2002.77260273973,0
"376",2002.77534246575,0
"377",2002.77808219178,0
"378",2002.78082191781,0
"379",2002.78356164384,0
"380",2002.78630136986,0
"381",2002.78904109589,0
"382",2002.79178082192,0
"383",2002.79452054795,0
"384",2002.79726027397,0
"385",2002.8,0
"386",2002.80273972603,0
"387",2002.80547945205,0
"388",2002.80821917808,1
"389",2002.81095890411,1
"390",2002.81369863014,1
"391",2002.81643835616,1
"392",2002.81917808219,1
"393",2002.82191780822,1
"394",2002.82465753425,1
"395",2002.82739726027,1
"396",2002.8301369863,1
"397",2002.83287671233,1
"398",2002.83561643836,1
"399",2002.83835616438,1
"400",2002.84109589041,1
"401",2002.84383561644,1
"402",2002.84657534247,1
"403",2002.84931506849,1
"404",2002.85205479452,1
"405",2002.85479452055,1
"406",2002.85753424658,1
"407",2002.8602739726,1
"408",2002.86301369863,1
"409",2002.86575342466,1
"410",2002.86849315069,1
"411",2002.87123287671,1
"412",2002.87397260274,1
"413",2002.87671232877,1
"414",2002.87945205479,1
"415",2002.88219178082,1
"416",2002.88493150685,1
"417",2002.88767123288,1
"418",2002.8904109589,1
"419",2002.89315068493,1
"420",2002.89589041096,1
"421",2002.89863013699,1
"422",2002.90136986301,1
"423",2002.90410958904,1
"424",2002.90684931507,1
"425",2002.9095890411,1
"426",2002.91232876712,1
"427",2002.91506849315,1
"428",2002.91780821918,1
"429",2002.92054794521,1
"430",2002.92328767123,1
"431",2002.92602739726,1
"432",2002.92876712329,1
"433",2002.93150684932,1
"434",2002.93424657534,1
"435",2002.93698630137,1
"436",2002.9397260274,1
"437",2002.94246575342,1
"438",2002.94520547945,1
"439",2002.94794520548,1
"440",2002.95068493151,1
"441",2002.95342465753,1
"442",2002.95616438356,1
"443",2002.95890410959,1
"444",2002.96164383562,1
"445",2002.96438356164,1
"446",2002.96712328767,1
"447",2002.9698630137,1
"448",2002.97260273973,1
"449",2002.97534246575,1
"450",2002.97808219178,1
"451",2002.98082191781,1
"452",2002.98356164384,1
"453",2002.98630136986,1
"454",2002.98904109589,1
"455",2002.99178082192,1
"456",2002.99452054795,1
"457",2002.99726027397,1
"458",2003,1
"459",2003.00273972603,1
"460",2003.00547945205,1
"461",2003.00821917808,1
"462",2003.01095890411,1
"463",2003.01369863014,1
"464",2003.01643835616,1
"465",2003.01917808219,1
"466",2003.02191780822,1
"467",2003.02465753425,1
"468",2003.02739726027,1
"469",2003.0301369863,1
"470",2003.03287671233,1
"471",2003.03561643836,1
"472",2003.03835616438,1
"473",2003.04109589041,1
"474",2003.04383561644,1
"475",2003.04657534247,1
"476",2003.04931506849,1
"477",2003.05205479452,1
"478",2003.05479452055,1
"479",2003.05753424658,1
"480",2003.0602739726,1
"481",2003.06301369863,1
"482",2003.06575342466,1
"483",2003.06849315068,1
"484",2003.07123287671,1
"485",2003.07397260274,1
"486",2003.07671232877,1
"487",2003.07945205479,1
"488",2003.08219178082,1
"489",2003.08493150685,1
"490",2003.08767123288,1
"491",2003.0904109589,1
"492",2003.09315068493,1
"493",2003.09589041096,1
"494",2003.09863013699,1
"495",2003.10136986301,1
"496",2003.10410958904,1
"497",2003.10684931507,1
"498",2003.1095890411,1
"499",2003.11232876712,0
"500",2003.11506849315,0
"501",2003.11780821918,0
"502",2003.12054794521,0
"503",2003.12328767123,0
"504",2003.12602739726,0
"505",2003.12876712329,0
"506",2003.13150684931,0
"507",2003.13424657534,0
"508",2003.13698630137,0
"509",2003.1397260274,0
"510",2003.14246575342,0
"511",2003.14520547945,0
"512",2003.14794520548,0
"513",2003.15068493151,0
"514",2003.15342465753,0
"515",2003.15616438356,0
"516",2003.15890410959,0
"517",2003.16164383562,0
"518",2003.16438356164,0
"519",2003.16712328767,0
"520",2003.1698630137,0
"521",2003.17260273973,0
"522",2003.17534246575,0
"523",2003.17808219178,0
"524",2003.18082191781,0
"525",2003.18356164384,0
"526",2003.18630136986,0
"527",2003.18904109589,0
"528",2003.19178082192,0
"529",2003.19452054795,0
"530",2003.19726027397,0
"531",2003.2,0
"532",2003.20273972603,0
"533",2003.20547945205,0
"534",2003.20821917808,0
"535",2003.21095890411,0
"536",2003.21369863014,0
"537",2003.21643835616,0
"538",2003.21917808219,0
"539",2003.22191780822,0
"540",2003.22465753425,0
"541",2003.22739726027,0
"542",2003.2301369863,0
"543",2003.23287671233,0
"544",2003.23561643836,0
"545",2003.23835616438,0
"546",2003.24109589041,0
"547",2003.24383561644,0
"548",2003.24657534247,0
"549",2003.24931506849,0
"550",2003.25205479452,0
"551",2003.25479452055,0
"552",2003.25753424658,0
"553",2003.2602739726,0
"554",2003.26301369863,0
"555",2003.26575342466,0
"556",2003.26849315068,0
"557",2003.27123287671,0
"558",2003.27397260274,0
"559",2003.27671232877,0
"560",2003.27945205479,0
"561",2003.28219178082,0
"562",2003.28493150685,0
"563",2003.28767123288,0
"564",2003.2904109589,0
"565",2003.29315068493,0
"566",2003.29589041096,0
"567",2003.29863013699,0
"568",2003.30136986301,0
"569",2003.30410958904,0
"570",2003.30684931507,0
"571",2003.3095890411,0
"572",2003.31232876712,0
"573",2003.31506849315,0
"574",2003.31780821918,0
"575",2003.32054794521,0
"576",2003.32328767123,0
"577",2003.32602739726,0
"578",2003.32876712329,0
"579",2003.33150684932,0
"580",2003.33424657534,0
"581",2003.33698630137,0
"582",2003.3397260274,0
"583",2003.34246575342,0
"584",2003.34520547945,0
"585",2003.34794520548,0
"586",2003.35068493151,0
"587",2003.35342465753,0
"588",2003.35616438356,0
"589",2003.35890410959,0
"590",2003.36164383562,0
"591",2003.36438356164,0
"592",2003.36712328767,0
"593",2003.3698630137,0
"594",2003.37260273973,0
"595",2003.37534246575,0
"596",2003.37808219178,0
"597",2003.38082191781,0
"598",2003.38356164384,0
"599",2003.38630136986,0
"600",2003.38904109589,0
"601",2003.39178082192,0
"602",2003.39452054795,0
"603",2003.39726027397,0
"604",2003.4,0
"605",2003.40273972603,0
"606",2003.40547945205,0
"607",2003.40821917808,0
"608",2003.41095890411,0
"609",2003.41369863014,0
"610",2003.41643835616,0
"611",2003.41917808219,0
"612",2003.42191780822,0
"613",2003.42465753425,0
"614",2003.42739726027,0
"615",2003.4301369863,0
"616",2003.43287671233,0
"617",2003.43561643836,0
"618",2003.43835616438,0
"619",2003.44109589041,0
"620",2003.44383561644,0
"621",2003.44657534247,0
"622",2003.44931506849,0
"623",2003.45205479452,0
"624",2003.45479452055,0
"625",2003.45753424658,0
"626",2003.4602739726,0
"627",2003.46301369863,0
"628",2003.46575342466,0
"629",2003.46849315068,0
"630",2003.47123287671,0
"631",2003.47397260274,0
"632",2003.47671232877,0
"633",2003.47945205479,0
"634",2003.48219178082,0
"635",2003.48493150685,0
"636",2003.48767123288,0
"637",2003.4904109589,0
"638",2003.49315068493,0
"639",2003.49589041096,0
"640",2003.49863013699,0
"641",2003.50136986301,0
"642",2003.50410958904,0
"643",2003.50684931507,0
"644",2003.5095890411,0
"645",2003.51232876712,0
"646",2003.51506849315,0
"647",2003.51780821918,0
"648",2003.52054794521,0
"649",2003.52328767123,0
"650",2003.52602739726,0
"651",2003.52876712329,0
"652",2003.53150684932,0
"653",2003.53424657534,0
"654",2003.53698630137,0
"655",2003.5397260274,0
"656",2003.54246575342,0
"657",2003.54520547945,0
"658",2003.54794520548,0
"659",2003.55068493151,0
"660",2003.55342465753,0
"661",2003.55616438356,0
"662",2003.55890410959,0
"663",2003.56164383562,0
"664",2003.56438356164,0
"665",2003.56712328767,0
"666",2003.5698630137,0
"667",2003.57260273973,0
"668",2003.57534246575,0
"669",2003.57808219178,0
"670",2003.58082191781,0
"671",2003.58356164384,0
"672",2003.58630136986,0
"673",2003.58904109589,0
"674",2003.59178082192,0
"675",2003.59452054795,0
"676",2003.59726027397,0
"677",2003.6,0
"678",2003.60273972603,0
"679",2003.60547945205,0
"680",2003.60821917808,0
"681",2003.61095890411,0
"682",2003.61369863014,0
"683",2003.61643835616,0
"684",2003.61917808219,0
"685",2003.62191780822,0
"686",2003.62465753425,0
"687",2003.62739726027,0
"688",2003.6301369863,0
"689",2003.63287671233,0
"690",2003.63561643836,0
"691",2003.63835616438,0
"692",2003.64109589041,0
"693",2003.64383561644,0
"694",2003.64657534247,0
"695",2003.64931506849,0
"696",2003.65205479452,0
"697",2003.65479452055,0
"698",2003.65753424658,0
"699",2003.6602739726,0
"700",2003.66301369863,0
"701",2003.66575342466,0
"702",2003.66849315068,0
"703",2003.67123287671,0
"704",2003.67397260274,0
"705",2003.67671232877,0
"706",2003.67945205479,0
"707",2003.68219178082,0
"708",2003.68493150685,0
"709",2003.68767123288,0
"710",2003.6904109589,0
"711",2003.69315068493,0
"712",2003.69589041096,0
"713",2003.69863013699,0
"714",2003.70136986301,0
"715",2003.70410958904,0
"716",2003.70684931507,0
"717",2003.7095890411,0
"718",2003.71232876712,0
"719",2003.71506849315,0
"720",2003.71780821918,0
"721",2003.72054794521,0
"722",2003.72328767123,0
"723",2003.72602739726,0
"724",2003.72876712329,0
"725",2003.73150684932,0
"726",2003.73424657534,0
"727",2003.73698630137,0
"728",2003.7397260274,0
"729",2003.74246575342,0
"730",2003.74520547945,0
"731",2003.74794520548,0
"732",2003.75068493151,0
"733",2003.75342465753,0
"734",2003.75616438356,0
"735",2003.75890410959,0
"736",2003.76164383562,0
"737",2003.76438356164,0
"738",2003.76712328767,0
"739",2003.7698630137,0
"740",2003.77260273973,0
"741",2003.77534246575,0
"742",2003.77808219178,0
"743",2003.78082191781,0
"744",2003.78356164384,0
"745",2003.78630136986,0
"746",2003.78904109589,0
"747",2003.79178082192,0
"748",2003.79452054795,0
"749",2003.79726027397,0
"750",2003.8,0
"751",2003.80273972603,0
"752",2003.80547945205,0
"753",2003.80821917808,0
"754",2003.81095890411,0
"755",2003.81369863014,0
"756",2003.81643835616,0
"757",2003.81917808219,0
"758",2003.82191780822,0
"759",2003.82465753425,0
"760",2003.82739726027,0
"761",2003.8301369863,0
"762",2003.83287671233,0
"763",2003.83561643836,0
"764",2003.83835616438,0
"765",2003.84109589041,0
"766",2003.84383561644,0
"767",2003.84657534247,0
"768",2003.84931506849,0
"769",2003.85205479452,0
"770",2003.85479452055,0
"771",2003.85753424658,0
"772",2003.8602739726,0
"773",2003.86301369863,0
"774",2003.86575342466,0
"775",2003.86849315069,0
"776",2003.87123287671,0
"777",2003.87397260274,0
"778",2003.87671232877,0
"779",2003.87945205479,0
"780",2003.88219178082,0
"781",2003.88493150685,0
"782",2003.88767123288,0
"783",2003.8904109589,0
"784",2003.89315068493,0
"785",2003.89589041096,0
"786",2003.89863013699,0
"787",2003.90136986301,0
"788",2003.90410958904,0
"789",2003.90684931507,0
"790",2003.9095890411,0
"791",2003.91232876712,0
"792",2003.91506849315,0
"793",2003.91780821918,0
"794",2003.92054794521,0
"795",2003.92328767123,0
"796",2003.92602739726,0
"797",2003.92876712329,0
"798",2003.93150684932,0
"799",2003.93424657534,0
"800",2003.93698630137,0
"801",2003.9397260274,0
"802",2003.94246575342,0
"803",2003.94520547945,0
"804",2003.94794520548,0
"805",2003.95068493151,0
"806",2003.95342465753,0
"807",2003.95616438356,0
"808",2003.95890410959,0
"809",2003.96164383562,0
"810",2003.96438356164,0
"811",2003.96712328767,0
"812",2003.9698630137,0
"813",2003.97260273973,0
"814",2003.97534246575,0
"815",2003.97808219178,0
"816",2003.98082191781,0
"817",2003.98356164384,0
"818",2003.98630136986,0
"819",2003.98904109589,0
"820",2003.99178082192,0
"821",2003.99452054795,0
"822",2003.99726027397,0
"823",2004,0
"824",2004.00273224044,0
"825",2004.00546448087,0
"826",2004.00819672131,0
"827",2004.01092896175,0
"828",2004.01366120219,0
"829",2004.01639344262,0
"830",2004.01912568306,0
"831",2004.0218579235,0
"832",2004.02459016393,0
"833",2004.02732240437,0
"834",2004.03005464481,0
"835",2004.03278688525,0
"836",2004.03551912568,0
"837",2004.03825136612,0
"838",2004.04098360656,0
"839",2004.04371584699,0
"840",2004.04644808743,0
"841",2004.04918032787,0
"842",2004.05191256831,0
"843",2004.05464480874,0
"844",2004.05737704918,0
"845",2004.06010928962,0
"846",2004.06284153005,0
"847",2004.06557377049,0
"848",2004.06830601093,0
"849",2004.07103825137,0
"850",2004.0737704918,0
"851",2004.07650273224,0
"852",2004.07923497268,0
"853",2004.08196721311,0
"854",2004.08469945355,0
"855",2004.08743169399,0
"856",2004.09016393443,0
"857",2004.09289617486,0
"858",2004.0956284153,0
"859",2004.09836065574,0
"860",2004.10109289617,0
"861",2004.10382513661,0
"862",2004.10655737705,0
"863",2004.10928961749,0
"864",2004.11202185792,0
"865",2004.11475409836,0
"866",2004.1174863388,0
"867",2004.12021857923,0
"868",2004.12295081967,0
"869",2004.12568306011,0
"870",2004.12841530055,0
"871",2004.13114754098,0
"872",2004.13387978142,0
"873",2004.13661202186,0
"874",2004.1393442623,0
"875",2004.14207650273,0
"876",2004.14480874317,0
"877",2004.14754098361,0
"878",2004.15027322404,0
"879",2004.15300546448,0
"880",2004.15573770492,0
"881",2004.15846994536,0
"882",2004.16120218579,0
"883",2004.16393442623,0
"884",2004.16666666667,0
"885",2004.1693989071,0
"886",2004.17213114754,0
"887",2004.17486338798,0
"888",2004.17759562842,0
"889",2004.18032786885,0
"890",2004.18306010929,0
"891",2004.18579234973,0
"892",2004.18852459016,0
"893",2004.1912568306,0
"894",2004.19398907104,0
"895",2004.19672131148,0
"896",2004.19945355191,0
"897",2004.20218579235,0
"898",2004.20491803279,0
"899",2004.20765027322,0
"900",2004.21038251366,0
"901",2004.2131147541,0
"902",2004.21584699454,0
"903",2004.21857923497,0
"904",2004.22131147541,0
"905",2004.22404371585,0
"906",2004.22677595628,0
"907",2004.22950819672,0
"908",2004.23224043716,0
"909",2004.2349726776,0
"910",2004.23770491803,0
"911",2004.24043715847,0
"912",2004.24316939891,0
"913",2004.24590163934,0
"914",2004.24863387978,0
"915",2004.25136612022,0
"916",2004.25409836066,0
"917",2004.25683060109,0
"918",2004.25956284153,0
"919",2004.26229508197,0
"920",2004.2650273224,0
"921",2004.26775956284,0
"922",2004.27049180328,0
"923",2004.27322404372,0
"924",2004.27595628415,0
"925",2004.27868852459,0
"926",2004.28142076503,0
"927",2004.28415300546,0
"928",2004.2868852459,0
"929",2004.28961748634,0
"930",2004.29234972678,0
"931",2004.29508196721,0
"932",2004.29781420765,0
"933",2004.30054644809,0
"934",2004.30327868852,0
"935",2004.30601092896,0
"936",2004.3087431694,0
"937",2004.31147540984,0
"938",2004.31420765027,0
"939",2004.31693989071,0
"940",2004.31967213115,0
"941",2004.32240437158,0
"942",2004.32513661202,0
"943",2004.32786885246,0
"944",2004.3306010929,0
"945",2004.33333333333,0
"946",2004.33606557377,0
"947",2004.33879781421,0
"948",2004.34153005464,0
"949",2004.34426229508,0
"950",2004.34699453552,0
"951",2004.34972677596,0
"952",2004.35245901639,0
"953",2004.35519125683,0
"954",2004.35792349727,0
"955",2004.3606557377,0
"956",2004.36338797814,0
"957",2004.36612021858,0
"958",2004.36885245902,0
"959",2004.37158469945,0
"960",2004.37431693989,0
"961",2004.37704918033,0
"962",2004.37978142077,0
"963",2004.3825136612,0
"964",2004.38524590164,0
"965",2004.38797814208,0
"966",2004.39071038251,0
"967",2004.39344262295,0
"968",2004.39617486339,0
"969",2004.39890710383,0
"970",2004.40163934426,0
"971",2004.4043715847,0
"972",2004.40710382514,0
"973",2004.40983606557,0
"974",2004.41256830601,0
"975",2004.41530054645,0
"976",2004.41803278689,0
"977",2004.42076502732,0
"978",2004.42349726776,0
"979",2004.4262295082,0
"980",2004.42896174863,0
"981",2004.43169398907,0
"982",2004.43442622951,0
"983",2004.43715846995,0
"984",2004.43989071038,0
"985",2004.44262295082,0
"986",2004.44535519126,0
"987",2004.44808743169,0
"988",2004.45081967213,0
"989",2004.45355191257,0
"990",2004.45628415301,0
"991",2004.45901639344,0
"992",2004.46174863388,0
"993",2004.46448087432,0
"994",2004.46721311475,0
"995",2004.46994535519,0
"996",2004.47267759563,0
"997",2004.47540983607,0
"998",2004.4781420765,0
"999",2004.48087431694,0
"1000",2004.48360655738,0
"1001",2004.48633879781,0
"1002",2004.48907103825,0
"1003",2004.49180327869,0
"1004",2004.49453551913,0
"1005",2004.49726775956,0
"1006",2004.5,0
"1007",2004.50273224044,0
"1008",2004.50546448087,0
"1009",2004.50819672131,0
"1010",2004.51092896175,0
"1011",2004.51366120219,0
"1012",2004.51639344262,0
"1013",2004.51912568306,0
"1014",2004.5218579235,0
"1015",2004.52459016393,0
"1016",2004.52732240437,0
"1017",2004.53005464481,0
"1018",2004.53278688525,0
"1019",2004.53551912568,0
"1020",2004.53825136612,0
"1021",2004.54098360656,0
"1022",2004.54371584699,0
"1023",2004.54644808743,0
"1024",2004.54918032787,0
"1025",2004.55191256831,0
"1026",2004.55464480874,0
"1027",2004.55737704918,0
"1028",2004.56010928962,0
"1029",2004.56284153005,0
"1030",2004.56557377049,0
"1031",2004.56830601093,0
"1032",2004.57103825137,0
"1033",2004.5737704918,0
"1034",2004.57650273224,0
"1035",2004.57923497268,0
"1036",2004.58196721311,0
"1037",2004.58469945355,0
"1038",2004.58743169399,0
"1039",2004.59016393443,0
"1040",2004.59289617486,0
"1041",2004.5956284153,0
"1042",2004.59836065574,0
"1043",2004.60109289617,0
"1044",2004.60382513661,0
"1045",2004.60655737705,0
"1046",2004.60928961749,0
"1047",2004.61202185792,0
"1048",2004.61475409836,0
"1049",2004.6174863388,0
"1050",2004.62021857923,0
"1051",2004.62295081967,0
"1052",2004.62568306011,0
"1053",2004.62841530055,0
"1054",2004.63114754098,0
"1055",2004.63387978142,0
"1056",2004.63661202186,0
"1057",2004.6393442623,0
"1058",2004.64207650273,0
"1059",2004.64480874317,0
"1060",2004.64754098361,0
"1061",2004.65027322404,0
"1062",2004.65300546448,0
"1063",2004.65573770492,0
"1064",2004.65846994536,0
"1065",2004.66120218579,0
"1066",2004.66393442623,0
"1067",2004.66666666667,0
"1068",2004.6693989071,0
"1069",2004.67213114754,0
"1070",2004.67486338798,0
"1071",2004.67759562842,0
"1072",2004.68032786885,0
"1073",2004.68306010929,0
"1074",2004.68579234973,0
"1075",2004.68852459016,0
"1076",2004.6912568306,0
"1077",2004.69398907104,0
"1078",2004.69672131148,0
"1079",2004.69945355191,0
"1080",2004.70218579235,0
"1081",2004.70491803279,0
"1082",2004.70765027322,0
"1083",2004.71038251366,0
"1084",2004.7131147541,0
"1085",2004.71584699454,0
"1086",2004.71857923497,0
"1087",2004.72131147541,0
"1088",2004.72404371585,0
"1089",2004.72677595628,0
"1090",2004.72950819672,0
"1091",2004.73224043716,0
"1092",2004.7349726776,0
"1093",2004.73770491803,0
"1094",2004.74043715847,0
"1095",2004.74316939891,0
"1096",2004.74590163934,0
"1097",2004.74863387978,0
"1098",2004.75136612022,0
"1099",2004.75409836066,0
"1100",2004.75683060109,0
"1101",2004.75956284153,0
"1102",2004.76229508197,0
"1103",2004.7650273224,0
"1104",2004.76775956284,0
"1105",2004.77049180328,0
"1106",2004.77322404372,0
"1107",2004.77595628415,0
"1108",2004.77868852459,0
"1109",2004.78142076503,0
"1110",2004.78415300546,0
"1111",2004.7868852459,0
"1112",2004.78961748634,0
"1113",2004.79234972678,0
"1114",2004.79508196721,0
"1115",2004.79781420765,0
"1116",2004.80054644809,0
"1117",2004.80327868852,0
"1118",2004.80601092896,0
"1119",2004.8087431694,0
"1120",2004.81147540984,0
"1121",2004.81420765027,0
"1122",2004.81693989071,0
"1123",2004.81967213115,0
"1124",2004.82240437158,0
"1125",2004.82513661202,0
"1126",2004.82786885246,0
"1127",2004.8306010929,0
"1128",2004.83333333333,0
"1129",2004.83606557377,0
"1130",2004.83879781421,0
"1131",2004.84153005464,0
"1132",2004.84426229508,0
"1133",2004.84699453552,0
"1134",2004.84972677596,0
"1135",2004.85245901639,0
"1136",2004.85519125683,0
"1137",2004.85792349727,0
"1138",2004.8606557377,0
"1139",2004.86338797814,0
"1140",2004.86612021858,0
"1141",2004.86885245902,0
"1142",2004.87158469945,0
"1143",2004.87431693989,0
"1144",2004.87704918033,0
"1145",2004.87978142077,0
"1146",2004.8825136612,0
"1147",2004.88524590164,0
"1148",2004.88797814208,0
"1149",2004.89071038251,0
"1150",2004.89344262295,0
"1151",2004.89617486339,0
"1152",2004.89890710383,0
"1153",2004.90163934426,0
"1154",2004.9043715847,0
"1155",2004.90710382514,0
"1156",2004.90983606557,0
"1157",2004.91256830601,0
"1158",2004.91530054645,2
"1159",2004.91803278689,2
"1160",2004.92076502732,2
"1161",2004.92349726776,2
"1162",2004.9262295082,2
"1163",2004.92896174863,2
"1164",2004.93169398907,2
"1165",2004.93442622951,2
"1166",2004.93715846995,2
"1167",2004.93989071038,2
"1168",2004.94262295082,2
"1169",2004.94535519126,2
"1170",2004.94808743169,2
"1171",2004.95081967213,2
"1172",2004.95355191257,2
"1173",2004.95628415301,2
"1174",2004.95901639344,2
"1175",2004.96174863388,2
"1176",2004.96448087432,2
"1177",2004.96721311475,2
"1178",2004.96994535519,2
"1179",2004.97267759563,2
"1180",2004.97540983607,2
"1181",2004.9781420765,2
"1182",2004.98087431694,2
"1183",2004.98360655738,2
"1184",2004.98633879781,2
"1185",2004.98907103825,2
"1186",2004.99180327869,2
"1187",2004.99453551913,2
"1188",2004.99726775956,2
"1189",2005,2
"1190",2005.00273972603,2
"1191",2005.00547945205,2
"1192",2005.00821917808,2
"1193",2005.01095890411,2
"1194",2005.01369863014,0
"1195",2005.01643835616,0
"1196",2005.01917808219,0
"1197",2005.02191780822,0
"1198",2005.02465753425,0
"1199",2005.02739726027,0
"1200",2005.0301369863,0
"1201",2005.03287671233,0
"1202",2005.03561643836,0
"1203",2005.03835616438,0
"1204",2005.04109589041,0
"1205",2005.04383561644,0
"1206",2005.04657534247,0
"1207",2005.04931506849,0
"1208",2005.05205479452,0
"1209",2005.05479452055,0
"1210",2005.05753424658,0
"1211",2005.0602739726,0
"1212",2005.06301369863,0
"1213",2005.06575342466,0
"1214",2005.06849315068,0
"1215",2005.07123287671,0
"1216",2005.07397260274,0
"1217",2005.07671232877,0
"1218",2005.07945205479,0
"1219",2005.08219178082,0
"1220",2005.08493150685,0
"1221",2005.08767123288,0
"1222",2005.0904109589,0
"1223",2005.09315068493,0
"1224",2005.09589041096,0
"1225",2005.09863013699,0
"1226",2005.10136986301,0
"1227",2005.10410958904,0
"1228",2005.10684931507,0
"1229",2005.1095890411,0
"1230",2005.11232876712,0
"1231",2005.11506849315,0
"1232",2005.11780821918,0
"1233",2005.12054794521,0
"1234",2005.12328767123,0
"1235",2005.12602739726,0
"1236",2005.12876712329,0
"1237",2005.13150684931,0
"1238",2005.13424657534,0
"1239",2005.13698630137,0
"1240",2005.1397260274,0
"1241",2005.14246575342,0
"1242",2005.14520547945,0
"1243",2005.14794520548,0
"1244",2005.15068493151,0
"1245",2005.15342465753,0
"1246",2005.15616438356,0
"1247",2005.15890410959,0
"1248",2005.16164383562,0
"1249",2005.16438356164,0
"1250",2005.16712328767,0
"1251",2005.1698630137,0
"1252",2005.17260273973,0
"1253",2005.17534246575,0
"1254",2005.17808219178,0
"1255",2005.18082191781,0
"1256",2005.18356164384,0
"1257",2005.18630136986,0
"1258",2005.18904109589,0
"1259",2005.19178082192,0
"1260",2005.19452054795,0
"1261",2005.19726027397,0
"1262",2005.2,0
"1263",2005.20273972603,0
"1264",2005.20547945205,0
"1265",2005.20821917808,0
"1266",2005.21095890411,0
"1267",2005.21369863014,0
"1268",2005.21643835616,0
"1269",2005.21917808219,0
"1270",2005.22191780822,0
"1271",2005.22465753425,0
"1272",2005.22739726027,0
"1273",2005.2301369863,0
"1274",2005.23287671233,0
"1275",2005.23561643836,0
"1276",2005.23835616438,0
"1277",2005.24109589041,0
"1278",2005.24383561644,0
"1279",2005.24657534247,0
"1280",2005.24931506849,0
"1281",2005.25205479452,0
"1282",2005.25479452055,0
"1283",2005.25753424658,0
"1284",2005.2602739726,0
"1285",2005.26301369863,0
"1286",2005.26575342466,0
"1287",2005.26849315068,0
"1288",2005.27123287671,0
"1289",2005.27397260274,0
"1290",2005.27671232877,0
"1291",2005.27945205479,0
"1292",2005.28219178082,0
"1293",2005.28493150685,0
"1294",2005.28767123288,0
"1295",2005.2904109589,0
"1296",2005.29315068493,0
"1297",2005.29589041096,0
"1298",2005.29863013699,0
"1299",2005.30136986301,0
"1300",2005.30410958904,0
"1301",2005.30684931507,0
"1302",2005.3095890411,0
"1303",2005.31232876712,0
"1304",2005.31506849315,0
"1305",2005.31780821918,0
"1306",2005.32054794521,0
"1307",2005.32328767123,0
"1308",2005.32602739726,0
"1309",2005.32876712329,0
"1310",2005.33150684932,0
"1311",2005.33424657534,0
"1312",2005.33698630137,0
"1313",2005.3397260274,0
"1314",2005.34246575342,0
"1315",2005.34520547945,0
"1316",2005.34794520548,0
"1317",2005.35068493151,0
"1318",2005.35342465753,0
"1319",2005.35616438356,0
"1320",2005.35890410959,0
"1321",2005.36164383562,0
"1322",2005.36438356164,0
"1323",2005.36712328767,0
"1324",2005.3698630137,0
"1325",2005.37260273973,0
"1326",2005.37534246575,0
"1327",2005.37808219178,0
"1328",2005.38082191781,0
"1329",2005.38356164384,0
"1330",2005.38630136986,0
"1331",2005.38904109589,0
"1332",2005.39178082192,0
"1333",2005.39452054795,0
"1334",2005.39726027397,0
"1335",2005.4,0
"1336",2005.40273972603,0
"1337",2005.40547945205,0
"1338",2005.40821917808,0
"1339",2005.41095890411,0
"1340",2005.41369863014,0
"1341",2005.41643835616,0
"1342",2005.41917808219,0
"1343",2005.42191780822,0
"1344",2005.42465753425,0
"1345",2005.42739726027,0
"1346",2005.4301369863,0
"1347",2005.43287671233,0
"1348",2005.43561643836,0
"1349",2005.43835616438,0
"1350",2005.44109589041,0
"1351",2005.44383561644,0
"1352",2005.44657534247,0
"1353",2005.44931506849,0
"1354",2005.45205479452,0
"1355",2005.45479452055,0
"1356",2005.45753424658,0
"1357",2005.4602739726,0
"1358",2005.46301369863,0
"1359",2005.46575342466,0
"1360",2005.46849315068,0
"1361",2005.47123287671,0
"1362",2005.47397260274,0
"1363",2005.47671232877,0
"1364",2005.47945205479,0
"1365",2005.48219178082,0
"1366",2005.48493150685,0
"1367",2005.48767123288,0
"1368",2005.4904109589,0
"1369",2005.49315068493,0
"1370",2005.49589041096,0
"1371",2005.49863013699,0
"1372",2005.50136986301,0
"1373",2005.50410958904,0
"1374",2005.50684931507,0
"1375",2005.5095890411,0
"1376",2005.51232876712,0
"1377",2005.51506849315,0
"1378",2005.51780821918,0
"1379",2005.52054794521,0
"1380",2005.52328767123,0
"1381",2005.52602739726,0
"1382",2005.52876712329,0
"1383",2005.53150684932,0
"1384",2005.53424657534,0
"1385",2005.53698630137,0
"1386",2005.5397260274,0
"1387",2005.54246575342,0
"1388",2005.54520547945,0
"1389",2005.54794520548,0
"1390",2005.55068493151,0
"1391",2005.55342465753,0
"1392",2005.55616438356,0
"1393",2005.55890410959,0
"1394",2005.56164383562,0
"1395",2005.56438356164,0
"1396",2005.56712328767,0
"1397",2005.5698630137,0
"1398",2005.57260273973,0
"1399",2005.57534246575,0
"1400",2005.57808219178,0
"1401",2005.58082191781,0
"1402",2005.58356164384,0
"1403",2005.58630136986,0
"1404",2005.58904109589,0
"1405",2005.59178082192,0
"1406",2005.59452054795,0
"1407",2005.59726027397,0
"1408",2005.6,0
"1409",2005.60273972603,0
"1410",2005.60547945205,0
"1411",2005.60821917808,0
"1412",2005.61095890411,0
"1413",2005.61369863014,0
"1414",2005.61643835616,0
"1415",2005.61917808219,0
"1416",2005.62191780822,0
"1417",2005.62465753425,0
"1418",2005.62739726027,0
"1419",2005.6301369863,0
"1420",2005.63287671233,0
"1421",2005.63561643836,0
"1422",2005.63835616438,0
"1423",2005.64109589041,0
"1424",2005.64383561644,0
"1425",2005.64657534247,0
"1426",2005.64931506849,0
"1427",2005.65205479452,0
"1428",2005.65479452055,0
"1429",2005.65753424658,0
"1430",2005.6602739726,0
"1431",2005.66301369863,0
"1432",2005.66575342466,0
"1433",2005.66849315068,0
"1434",2005.67123287671,0
"1435",2005.67397260274,0
"1436",2005.67671232877,0
"1437",2005.67945205479,0
"1438",2005.68219178082,0
"1439",2005.68493150685,0
"1440",2005.68767123288,0
"1441",2005.6904109589,0
"1442",2005.69315068493,0
"1443",2005.69589041096,0
"1444",2005.69863013699,0
"1445",2005.70136986301,0
"1446",2005.70410958904,0
"1447",2005.70684931507,0
"1448",2005.7095890411,0
"1449",2005.71232876712,0
"1450",2005.71506849315,0
"1451",2005.71780821918,0
"1452",2005.72054794521,0
"1453",2005.72328767123,0
"1454",2005.72602739726,0
"1455",2005.72876712329,0
"1456",2005.73150684932,0
"1457",2005.73424657534,0
"1458",2005.73698630137,0
"1459",2005.7397260274,0
"1460",2005.74246575342,0
"1461",2005.74520547945,0
"1462",2005.74794520548,0
"1463",2005.75068493151,0
"1464",2005.75342465753,0
"1465",2005.75616438356,0
"1466",2005.75890410959,0
"1467",2005.76164383562,0
"1468",2005.76438356164,0
"1469",2005.76712328767,0
"1470",2005.7698630137,0
"1471",2005.77260273973,0
"1472",2005.77534246575,0
"1473",2005.77808219178,0
"1474",2005.78082191781,0
"1475",2005.78356164384,0
"1476",2005.78630136986,0
"1477",2005.78904109589,0
"1478",2005.79178082192,0
"1479",2005.79452054795,0
"1480",2005.79726027397,0
"1481",2005.8,0
"1482",2005.80273972603,0
"1483",2005.80547945205,0
"1484",2005.80821917808,0
"1485",2005.81095890411,0
"1486",2005.81369863014,0
"1487",2005.81643835616,0
"1488",2005.81917808219,0
"1489",2005.82191780822,0
"1490",2005.82465753425,0
"1491",2005.82739726027,0
"1492",2005.8301369863,0
"1493",2005.83287671233,0
"1494",2005.83561643836,0
"1495",2005.83835616438,0
"1496",2005.84109589041,0
"1497",2005.84383561644,0
"1498",2005.84657534247,0
"1499",2005.84931506849,0
"1500",2005.85205479452,0
"1501",2005.85479452055,0
"1502",2005.85753424658,0
"1503",2005.8602739726,0
"1504",2005.86301369863,0
"1505",2005.86575342466,0
"1506",2005.86849315069,0
"1507",2005.87123287671,0
"1508",2005.87397260274,0
"1509",2005.87671232877,0
"1510",2005.87945205479,0
"1511",2005.88219178082,0
"1512",2005.88493150685,0
"1513",2005.88767123288,0
"1514",2005.8904109589,0
"1515",2005.89315068493,0
"1516",2005.89589041096,0
"1517",2005.89863013699,0
"1518",2005.90136986301,0
"1519",2005.90410958904,0
"1520",2005.90684931507,0
"1521",2005.9095890411,0
"1522",2005.91232876712,0
"1523",2005.91506849315,0
"1524",2005.91780821918,0
"1525",2005.92054794521,0
"1526",2005.92328767123,0
"1527",2005.92602739726,0
"1528",2005.92876712329,0
"1529",2005.93150684932,0
"1530",2005.93424657534,0
"1531",2005.93698630137,0
"1532",2005.9397260274,0
"1533",2005.94246575342,0
"1534",2005.94520547945,0
"1535",2005.94794520548,0
"1536",2005.95068493151,0
"1537",2005.95342465753,0
"1538",2005.95616438356,0
"1539",2005.95890410959,0
"1540",2005.96164383562,0
"1541",2005.96438356164,0
"1542",2005.96712328767,0
"1543",2005.9698630137,0
"1544",2005.97260273973,0
"1545",2005.97534246575,0
"1546",2005.97808219178,0
"1547",2005.98082191781,0
"1548",2005.98356164384,0
"1549",2005.98630136986,0
"1550",2005.98904109589,0
"1551",2005.99178082192,0
"1552",2005.99452054795,0
"1553",2005.99726027397,0
"1554",2006,0
"1555",2006.00273972603,0
"1556",2006.00547945205,0
"1557",2006.00821917808,0
"1558",2006.01095890411,0
"1559",2006.01369863014,0
"1560",2006.01643835616,0
"1561",2006.01917808219,0
"1562",2006.02191780822,0
"1563",2006.02465753425,0
"1564",2006.02739726027,0
"1565",2006.0301369863,0
"1566",2006.03287671233,0
"1567",2006.03561643836,0
"1568",2006.03835616438,0
"1569",2006.04109589041,0
"1570",2006.04383561644,0
"1571",2006.04657534247,0
"1572",2006.04931506849,0
"1573",2006.05205479452,0
"1574",2006.05479452055,0
"1575",2006.05753424658,0
"1576",2006.0602739726,0
"1577",2006.06301369863,0
"1578",2006.06575342466,0
"1579",2006.06849315068,0
"1580",2006.07123287671,0
"1581",2006.07397260274,0
"1582",2006.07671232877,0
"1583",2006.07945205479,0
"1584",2006.08219178082,0
"1585",2006.08493150685,0
"1586",2006.08767123288,0
"1587",2006.0904109589,0
"1588",2006.09315068493,0
"1589",2006.09589041096,0
"1590",2006.09863013699,0
"1591",2006.10136986301,0
"1592",2006.10410958904,0
"1593",2006.10684931507,0
"1594",2006.1095890411,0
"1595",2006.11232876712,0
"1596",2006.11506849315,0
"1597",2006.11780821918,0
"1598",2006.12054794521,0
"1599",2006.12328767123,0
"1600",2006.12602739726,0
"1601",2006.12876712329,0
"1602",2006.13150684931,0
"1603",2006.13424657534,0
"1604",2006.13698630137,0
"1605",2006.1397260274,0
"1606",2006.14246575342,0
"1607",2006.14520547945,0
"1608",2006.14794520548,0
"1609",2006.15068493151,0
"1610",2006.15342465753,0
"1611",2006.15616438356,0
"1612",2006.15890410959,0
"1613",2006.16164383562,0
"1614",2006.16438356164,0
"1615",2006.16712328767,0
"1616",2006.1698630137,0
"1617",2006.17260273973,0
"1618",2006.17534246575,0
"1619",2006.17808219178,0
"1620",2006.18082191781,0
"1621",2006.18356164384,0
"1622",2006.18630136986,0
"1623",2006.18904109589,0
"1624",2006.19178082192,0
"1625",2006.19452054795,0
"1626",2006.19726027397,0
"1627",2006.2,0
"1628",2006.20273972603,0
"1629",2006.20547945205,0
"1630",2006.20821917808,0
"1631",2006.21095890411,0
"1632",2006.21369863014,0
"1633",2006.21643835616,0
"1634",2006.21917808219,0
"1635",2006.22191780822,0
"1636",2006.22465753425,0
"1637",2006.22739726027,0
"1638",2006.2301369863,0
"1639",2006.23287671233,0
"1640",2006.23561643836,0
"1641",2006.23835616438,0
"1642",2006.24109589041,0
"1643",2006.24383561644,0
"1644",2006.24657534247,0
"1645",2006.24931506849,0
"1646",2006.25205479452,0
"1647",2006.25479452055,0
"1648",2006.25753424658,0
"1649",2006.2602739726,0
"1650",2006.26301369863,0
"1651",2006.26575342466,0
"1652",2006.26849315068,0
"1653",2006.27123287671,0
"1654",2006.27397260274,0
"1655",2006.27671232877,0
"1656",2006.27945205479,0
"1657",2006.28219178082,0
"1658",2006.28493150685,0
"1659",2006.28767123288,0
"1660",2006.2904109589,0
"1661",2006.29315068493,0
"1662",2006.29589041096,0
"1663",2006.29863013699,0
"1664",2006.30136986301,0
"1665",2006.30410958904,0
"1666",2006.30684931507,0
"1667",2006.3095890411,0
"1668",2006.31232876712,0
"1669",2006.31506849315,0
"1670",2006.31780821918,0
"1671",2006.32054794521,0
"1672",2006.32328767123,0
"1673",2006.32602739726,0
"1674",2006.32876712329,0
"1675",2006.33150684932,0
"1676",2006.33424657534,0
"1677",2006.33698630137,0
"1678",2006.3397260274,0
"1679",2006.34246575342,0
"1680",2006.34520547945,0
"1681",2006.34794520548,0
"1682",2006.35068493151,0
"1683",2006.35342465753,0
"1684",2006.35616438356,0
"1685",2006.35890410959,0
"1686",2006.36164383562,0
"1687",2006.36438356164,0
"1688",2006.36712328767,0
"1689",2006.3698630137,0
"1690",2006.37260273973,0
"1691",2006.37534246575,0
"1692",2006.37808219178,0
"1693",2006.38082191781,0
"1694",2006.38356164384,0
"1695",2006.38630136986,0
"1696",2006.38904109589,0
"1697",2006.39178082192,0
"1698",2006.39452054795,0
"1699",2006.39726027397,0
"1700",2006.4,0
"1701",2006.40273972603,0
"1702",2006.40547945205,0
"1703",2006.40821917808,0
"1704",2006.41095890411,0
"1705",2006.41369863014,0
"1706",2006.41643835616,0
"1707",2006.41917808219,0
"1708",2006.42191780822,0
"1709",2006.42465753425,0
"1710",2006.42739726027,0
"1711",2006.4301369863,0
"1712",2006.43287671233,0
"1713",2006.43561643836,0
"1714",2006.43835616438,0
"1715",2006.44109589041,0
"1716",2006.44383561644,0
"1717",2006.44657534247,0
"1718",2006.44931506849,0
"1719",2006.45205479452,0
"1720",2006.45479452055,0
"1721",2006.45753424658,0
"1722",2006.4602739726,0
"1723",2006.46301369863,0
"1724",2006.46575342466,0
"1725",2006.46849315068,0
"1726",2006.47123287671,0
"1727",2006.47397260274,0
"1728",2006.47671232877,0
"1729",2006.47945205479,0
"1730",2006.48219178082,0
"1731",2006.48493150685,0
"1732",2006.48767123288,0
"1733",2006.4904109589,0
"1734",2006.49315068493,0
"1735",2006.49589041096,0
"1736",2006.49863013699,0
"1737",2006.50136986301,0
"1738",2006.50410958904,0
"1739",2006.50684931507,0
"1740",2006.5095890411,0
"1741",2006.51232876712,0
"1742",2006.51506849315,0
"1743",2006.51780821918,0
"1744",2006.52054794521,0
"1745",2006.52328767123,0
"1746",2006.52602739726,0
"1747",2006.52876712329,0
"1748",2006.53150684932,0
"1749",2006.53424657534,0
"1750",2006.53698630137,0
"1751",2006.5397260274,0
"1752",2006.54246575342,0
"1753",2006.54520547945,0
"1754",2006.54794520548,0
"1755",2006.55068493151,0
"1756",2006.55342465753,0
"1757",2006.55616438356,0
"1758",2006.55890410959,0
"1759",2006.56164383562,0
"1760",2006.56438356164,0
"1761",2006.56712328767,0
"1762",2006.5698630137,0
"1763",2006.57260273973,0
"1764",2006.57534246575,0
"1765",2006.57808219178,0
"1766",2006.58082191781,0
"1767",2006.58356164384,0
"1768",2006.58630136986,0
"1769",2006.58904109589,0
"1770",2006.59178082192,0
"1771",2006.59452054795,0
"1772",2006.59726027397,0
"1773",2006.6,0
"1774",2006.60273972603,0
"1775",2006.60547945205,0
"1776",2006.60821917808,0
"1777",2006.61095890411,0
"1778",2006.61369863014,0
"1779",2006.61643835616,0
"1780",2006.61917808219,0
"1781",2006.62191780822,0
"1782",2006.62465753425,0
"1783",2006.62739726027,0
"1784",2006.6301369863,0
"1785",2006.63287671233,0
"1786",2006.63561643836,0
"1787",2006.63835616438,0
"1788",2006.64109589041,0
"1789",2006.64383561644,0
"1790",2006.64657534247,0
"1791",2006.64931506849,0
"1792",2006.65205479452,0
"1793",2006.65479452055,0
"1794",2006.65753424658,0
"1795",2006.6602739726,0
"1796",2006.66301369863,0
"1797",2006.66575342466,0
"1798",2006.66849315068,0
"1799",2006.67123287671,0
"1800",2006.67397260274,0
"1801",2006.67671232877,0
"1802",2006.67945205479,0
"1803",2006.68219178082,0
"1804",2006.68493150685,0
"1805",2006.68767123288,0
"1806",2006.6904109589,0
"1807",2006.69315068493,0
"1808",2006.69589041096,0
"1809",2006.69863013699,0
"1810",2006.70136986301,0
"1811",2006.70410958904,0
"1812",2006.70684931507,0
"1813",2006.7095890411,0
"1814",2006.71232876712,0
"1815",2006.71506849315,0
"1816",2006.71780821918,0
"1817",2006.72054794521,0
"1818",2006.72328767123,0
"1819",2006.72602739726,0
"1820",2006.72876712329,0
"1821",2006.73150684932,0
"1822",2006.73424657534,0
"1823",2006.73698630137,0
"1824",2006.7397260274,0
"1825",2006.74246575342,0
"1826",2006.74520547945,0
"1827",2006.74794520548,0
"1828",2006.75068493151,0
"1829",2006.75342465753,0
"1830",2006.75616438356,0
"1831",2006.75890410959,0
"1832",2006.76164383562,0
"1833",2006.76438356164,0
"1834",2006.76712328767,0
"1835",2006.7698630137,0
"1836",2006.77260273973,0
"1837",2006.77534246575,0
"1838",2006.77808219178,0
"1839",2006.78082191781,0
"1840",2006.78356164384,0
"1841",2006.78630136986,0
"1842",2006.78904109589,0
"1843",2006.79178082192,0
"1844",2006.79452054795,0
"1845",2006.79726027397,0
"1846",2006.8,0
"1847",2006.80273972603,0
"1848",2006.80547945205,0
"1849",2006.80821917808,0
"1850",2006.81095890411,0
"1851",2006.81369863014,0
"1852",2006.81643835616,0
"1853",2006.81917808219,0
"1854",2006.82191780822,0
"1855",2006.82465753425,0
"1856",2006.82739726027,0
"1857",2006.8301369863,0
"1858",2006.83287671233,0
"1859",2006.83561643836,0
"1860",2006.83835616438,0
"1861",2006.84109589041,0
"1862",2006.84383561644,0
"1863",2006.84657534247,0
"1864",2006.84931506849,0
"1865",2006.85205479452,0
"1866",2006.85479452055,0
"1867",2006.85753424658,0
"1868",2006.8602739726,0
"1869",2006.86301369863,0
"1870",2006.86575342466,0
"1871",2006.86849315069,0
"1872",2006.87123287671,0
"1873",2006.87397260274,0
"1874",2006.87671232877,0
"1875",2006.87945205479,0
"1876",2006.88219178082,0
"1877",2006.88493150685,0
"1878",2006.88767123288,0
"1879",2006.8904109589,0
"1880",2006.89315068493,0
"1881",2006.89589041096,0
"1882",2006.89863013699,0
"1883",2006.90136986301,0
"1884",2006.90410958904,0
"1885",2006.90684931507,0
"1886",2006.9095890411,0
"1887",2006.91232876712,0
"1888",2006.91506849315,0
"1889",2006.91780821918,0
"1890",2006.92054794521,0
"1891",2006.92328767123,0
"1892",2006.92602739726,0
"1893",2006.92876712329,0
"1894",2006.93150684932,0
"1895",2006.93424657534,0
"1896",2006.93698630137,0
"1897",2006.9397260274,0
"1898",2006.94246575342,0
"1899",2006.94520547945,0
"1900",2006.94794520548,0
"1901",2006.95068493151,0
"1902",2006.95342465753,0
"1903",2006.95616438356,0
"1904",2006.95890410959,0
"1905",2006.96164383562,0
"1906",2006.96438356164,0
"1907",2006.96712328767,0
"1908",2006.9698630137,0
"1909",2006.97260273973,0
"1910",2006.97534246575,0
"1911",2006.97808219178,0
"1912",2006.98082191781,0
"1913",2006.98356164384,0
"1914",2006.98630136986,0
"1915",2006.98904109589,0
"1916",2006.99178082192,0
"1917",2006.99452054795,0
"1918",2006.99726027397,0
"1919",2007,0
"1920",2007.00273972603,0
"1921",2007.00547945205,0
"1922",2007.00821917808,0
"1923",2007.01095890411,0
"1924",2007.01369863014,0
"1925",2007.01643835616,0
"1926",2007.01917808219,0
"1927",2007.02191780822,0
"1928",2007.02465753425,0
"1929",2007.02739726027,0
"1930",2007.0301369863,0
"1931",2007.03287671233,0
"1932",2007.03561643836,0
"1933",2007.03835616438,0
"1934",2007.04109589041,0
"1935",2007.04383561644,0
"1936",2007.04657534247,0
"1937",2007.04931506849,0
"1938",2007.05205479452,0
"1939",2007.05479452055,0
"1940",2007.05753424658,0
"1941",2007.0602739726,0
"1942",2007.06301369863,0
"1943",2007.06575342466,0
"1944",2007.06849315068,0
"1945",2007.07123287671,0
"1946",2007.07397260274,0
"1947",2007.07671232877,0
"1948",2007.07945205479,0
"1949",2007.08219178082,0
"1950",2007.08493150685,0
"1951",2007.08767123288,0
"1952",2007.0904109589,0
"1953",2007.09315068493,0
"1954",2007.09589041096,0
"1955",2007.09863013699,0
"1956",2007.10136986301,0
"1957",2007.10410958904,0
"1958",2007.10684931507,0
"1959",2007.1095890411,0
"1960",2007.11232876712,0
"1961",2007.11506849315,0
"1962",2007.11780821918,0
"1963",2007.12054794521,0
"1964",2007.12328767123,0
"1965",2007.12602739726,0
"1966",2007.12876712329,0
"1967",2007.13150684931,0
"1968",2007.13424657534,0
"1969",2007.13698630137,0
"1970",2007.1397260274,0
"1971",2007.14246575342,0
"1972",2007.14520547945,0
"1973",2007.14794520548,0
"1974",2007.15068493151,0
"1975",2007.15342465753,0
"1976",2007.15616438356,0
"1977",2007.15890410959,0
"1978",2007.16164383562,0
"1979",2007.16438356164,0
"1980",2007.16712328767,0
"1981",2007.1698630137,0
"1982",2007.17260273973,0
"1983",2007.17534246575,0
"1984",2007.17808219178,0
"1985",2007.18082191781,0
"1986",2007.18356164384,0
"1987",2007.18630136986,0
"1988",2007.18904109589,0
"1989",2007.19178082192,0
"1990",2007.19452054795,0
"1991",2007.19726027397,0
"1992",2007.2,0
"1993",2007.20273972603,0
"1994",2007.20547945205,0
"1995",2007.20821917808,0
"1996",2007.21095890411,0
"1997",2007.21369863014,0
"1998",2007.21643835616,0
"1999",2007.21917808219,0
"2000",2007.22191780822,0
"2001",2007.22465753425,0
"2002",2007.22739726027,0
"2003",2007.2301369863,0
"2004",2007.23287671233,0
"2005",2007.23561643836,0
"2006",2007.23835616438,0
"2007",2007.24109589041,0
"2008",2007.24383561644,0
"2009",2007.24657534247,0
"2010",2007.24931506849,0
"2011",2007.25205479452,0
"2012",2007.25479452055,0
"2013",2007.25753424658,0
"2014",2007.2602739726,0
"2015",2007.26301369863,0
"2016",2007.26575342466,0
"2017",2007.26849315068,0
"2018",2007.27123287671,0
"2019",2007.27397260274,0
"2020",2007.27671232877,0
"2021",2007.27945205479,0
"2022",2007.28219178082,0
"2023",2007.28493150685,0
"2024",2007.28767123288,0
"2025",2007.2904109589,0
"2026",2007.29315068493,0
"2027",2007.29589041096,0
"2028",2007.29863013699,0
"2029",2007.30136986301,0
"2030",2007.30410958904,0
"2031",2007.30684931507,0
"2032",2007.3095890411,0
"2033",2007.31232876712,0
"2034",2007.31506849315,0
"2035",2007.31780821918,0
"2036",2007.32054794521,0
"2037",2007.32328767123,0
"2038",2007.32602739726,0
"2039",2007.32876712329,0
"2040",2007.33150684932,0
"2041",2007.33424657534,0
"2042",2007.33698630137,0
"2043",2007.3397260274,0
"2044",2007.34246575342,0
"2045",2007.34520547945,0
"2046",2007.34794520548,0
"2047",2007.35068493151,0
"2048",2007.35342465753,0
"2049",2007.35616438356,0
"2050",2007.35890410959,0
"2051",2007.36164383562,0
"2052",2007.36438356164,0
"2053",2007.36712328767,0
"2054",2007.3698630137,0
"2055",2007.37260273973,0
"2056",2007.37534246575,0
"2057",2007.37808219178,0
"2058",2007.38082191781,0
"2059",2007.38356164384,0
"2060",2007.38630136986,0
"2061",2007.38904109589,0
"2062",2007.39178082192,0
"2063",2007.39452054795,0
"2064",2007.39726027397,0
"2065",2007.4,0
"2066",2007.40273972603,0
"2067",2007.40547945205,0
"2068",2007.40821917808,0
"2069",2007.41095890411,0
"2070",2007.41369863014,0
"2071",2007.41643835616,0
"2072",2007.41917808219,0
"2073",2007.42191780822,0
"2074",2007.42465753425,0
"2075",2007.42739726027,0
"2076",2007.4301369863,0
"2077",2007.43287671233,0
"2078",2007.43561643836,0
"2079",2007.43835616438,0
"2080",2007.44109589041,0
"2081",2007.44383561644,0
"2082",2007.44657534247,0
"2083",2007.44931506849,0
"2084",2007.45205479452,0
"2085",2007.45479452055,0
"2086",2007.45753424658,0
"2087",2007.4602739726,0
"2088",2007.46301369863,0
"2089",2007.46575342466,0
"2090",2007.46849315068,0
"2091",2007.47123287671,0
"2092",2007.47397260274,0
"2093",2007.47671232877,0
"2094",2007.47945205479,0
"2095",2007.48219178082,0
"2096",2007.48493150685,0
"2097",2007.48767123288,0
"2098",2007.4904109589,0
"2099",2007.49315068493,0
"2100",2007.49589041096,0
"2101",2007.49863013699,0
"2102",2007.50136986301,0
"2103",2007.50410958904,0
"2104",2007.50684931507,0
"2105",2007.5095890411,0
"2106",2007.51232876712,0
"2107",2007.51506849315,0
"2108",2007.51780821918,0
"2109",2007.52054794521,0
"2110",2007.52328767123,0
"2111",2007.52602739726,0
"2112",2007.52876712329,0
"2113",2007.53150684932,0
"2114",2007.53424657534,0
"2115",2007.53698630137,0
"2116",2007.5397260274,0
"2117",2007.54246575342,0
"2118",2007.54520547945,0
"2119",2007.54794520548,0
"2120",2007.55068493151,0
"2121",2007.55342465753,0
"2122",2007.55616438356,0
"2123",2007.55890410959,0
"2124",2007.56164383562,0
"2125",2007.56438356164,0
"2126",2007.56712328767,0
"2127",2007.5698630137,0
"2128",2007.57260273973,0
"2129",2007.57534246575,0
"2130",2007.57808219178,0
"2131",2007.58082191781,0
"2132",2007.58356164384,0
"2133",2007.58630136986,0
"2134",2007.58904109589,0
"2135",2007.59178082192,0
"2136",2007.59452054795,0
"2137",2007.59726027397,0
"2138",2007.6,0
"2139",2007.60273972603,0
"2140",2007.60547945205,0
"2141",2007.60821917808,0
"2142",2007.61095890411,0
"2143",2007.61369863014,0
"2144",2007.61643835616,0
"2145",2007.61917808219,0
"2146",2007.62191780822,0
"2147",2007.62465753425,0
"2148",2007.62739726027,0
"2149",2007.6301369863,0
"2150",2007.63287671233,0
"2151",2007.63561643836,0
"2152",2007.63835616438,0
"2153",2007.64109589041,0
"2154",2007.64383561644,0
"2155",2007.64657534247,0
"2156",2007.64931506849,0
"2157",2007.65205479452,0
"2158",2007.65479452055,0
"2159",2007.65753424658,0
"2160",2007.6602739726,0
"2161",2007.66301369863,0
"2162",2007.66575342466,0
"2163",2007.66849315068,0
"2164",2007.67123287671,0
"2165",2007.67397260274,0
"2166",2007.67671232877,0
"2167",2007.67945205479,0
"2168",2007.68219178082,0
"2169",2007.68493150685,0
"2170",2007.68767123288,0
"2171",2007.6904109589,0
"2172",2007.69315068493,0
"2173",2007.69589041096,0
"2174",2007.69863013699,0
"2175",2007.70136986301,0
"2176",2007.70410958904,0
"2177",2007.70684931507,0
"2178",2007.7095890411,0
"2179",2007.71232876712,0
"2180",2007.71506849315,0
"2181",2007.71780821918,0
"2182",2007.72054794521,0
"2183",2007.72328767123,0
"2184",2007.72602739726,0
"2185",2007.72876712329,0
"2186",2007.73150684932,0
"2187",2007.73424657534,0
"2188",2007.73698630137,0
"2189",2007.7397260274,0
"2190",2007.74246575342,0
"2191",2007.74520547945,0
"2192",2007.74794520548,0
"2193",2007.75068493151,0
"2194",2007.75342465753,0
"2195",2007.75616438356,0
"2196",2007.75890410959,0
"2197",2007.76164383562,0
"2198",2007.76438356164,0
"2199",2007.76712328767,0
"2200",2007.7698630137,0
"2201",2007.77260273973,0
"2202",2007.77534246575,0
"2203",2007.77808219178,0
"2204",2007.78082191781,0
"2205",2007.78356164384,0
"2206",2007.78630136986,0
"2207",2007.78904109589,0
"2208",2007.79178082192,0
"2209",2007.79452054795,0
"2210",2007.79726027397,0
"2211",2007.8,0
"2212",2007.80273972603,0
"2213",2007.80547945205,0
"2214",2007.80821917808,0
"2215",2007.81095890411,0
"2216",2007.81369863014,0
"2217",2007.81643835616,0
"2218",2007.81917808219,0
"2219",2007.82191780822,0
"2220",2007.82465753425,0
"2221",2007.82739726027,0
"2222",2007.8301369863,0
"2223",2007.83287671233,0
"2224",2007.83561643836,0
"2225",2007.83835616438,0
"2226",2007.84109589041,0
"2227",2007.84383561644,0
"2228",2007.84657534247,0
"2229",2007.84931506849,0
"2230",2007.85205479452,0
"2231",2007.85479452055,0
"2232",2007.85753424658,0
"2233",2007.8602739726,0
"2234",2007.86301369863,0
"2235",2007.86575342466,0
"2236",2007.86849315069,0
"2237",2007.87123287671,0
"2238",2007.87397260274,0
"2239",2007.87671232877,0
"2240",2007.87945205479,0
"2241",2007.88219178082,0
"2242",2007.88493150685,0
"2243",2007.88767123288,0
"2244",2007.8904109589,0
"2245",2007.89315068493,0
"2246",2007.89589041096,0
"2247",2007.89863013699,0
"2248",2007.90136986301,0
"2249",2007.90410958904,0
"2250",2007.90684931507,0
"2251",2007.9095890411,0
"2252",2007.91232876712,0
"2253",2007.91506849315,0
"2254",2007.91780821918,0
"2255",2007.92054794521,0
"2256",2007.92328767123,0
"2257",2007.92602739726,0
"2258",2007.92876712329,0
"2259",2007.93150684932,0
"2260",2007.93424657534,0
"2261",2007.93698630137,0
"2262",2007.9397260274,0
"2263",2007.94246575342,0
"2264",2007.94520547945,0
"2265",2007.94794520548,0
"2266",2007.95068493151,0
"2267",2007.95342465753,0
"2268",2007.95616438356,0
"2269",2007.95890410959,0
"2270",2007.96164383562,0
"2271",2007.96438356164,0
"2272",2007.96712328767,0
"2273",2007.9698630137,0
"2274",2007.97260273973,0
"2275",2007.97534246575,0
"2276",2007.97808219178,0
"2277",2007.98082191781,0
"2278",2007.98356164384,0
"2279",2007.98630136986,3
"2280",2007.98904109589,3
"2281",2007.99178082192,3
"2282",2007.99452054795,3
"2283",2007.99726027397,3
"2284",2008,3
"2285",2008.00273224044,3
"2286",2008.00546448087,3
"2287",2008.00819672131,3
"2288",2008.01092896175,3
"2289",2008.01366120219,3
"2290",2008.01639344262,3
"2291",2008.01912568306,3
"2292",2008.0218579235,3
"2293",2008.02459016393,3
"2294",2008.02732240437,3
"2295",2008.03005464481,3
"2296",2008.03278688525,3
"2297",2008.03551912568,3
"2298",2008.03825136612,3
"2299",2008.04098360656,3
"2300",2008.04371584699,3
"2301",2008.04644808743,3
"2302",2008.04918032787,3
"2303",2008.05191256831,3
"2304",2008.05464480874,3
"2305",2008.05737704918,3
"2306",2008.06010928962,3
"2307",2008.06284153005,3
"2308",2008.06557377049,3
"2309",2008.06830601093,3
"2310",2008.07103825137,3
"2311",2008.0737704918,3
"2312",2008.07650273224,3
"2313",2008.07923497268,3
"2314",2008.08196721311,3
"2315",2008.08469945355,3
"2316",2008.08743169399,3
"2317",2008.09016393443,3
"2318",2008.09289617486,3
"2319",2008.0956284153,3
"2320",2008.09836065574,3
"2321",2008.10109289617,3
"2322",2008.10382513661,3
"2323",2008.10655737705,3
"2324",2008.10928961749,3
"2325",2008.11202185792,3
"2326",2008.11475409836,3
"2327",2008.1174863388,3
"2328",2008.12021857923,3
"2329",2008.12295081967,3
"2330",2008.12568306011,3
"2331",2008.12841530055,3
"2332",2008.13114754098,3
"2333",2008.13387978142,3
"2334",2008.13661202186,3
"2335",2008.1393442623,3
"2336",2008.14207650273,3
"2337",2008.14480874317,3
"2338",2008.14754098361,3
"2339",2008.15027322404,3
"2340",2008.15300546448,3
"2341",2008.15573770492,3
"2342",2008.15846994536,3
"2343",2008.16120218579,3
"2344",2008.16393442623,3
"2345",2008.16666666667,3
"2346",2008.1693989071,3
"2347",2008.17213114754,3
"2348",2008.17486338798,3
"2349",2008.17759562842,3
"2350",2008.18032786885,3
"2351",2008.18306010929,3
"2352",2008.18579234973,0
"2353",2008.18852459016,0
"2354",2008.1912568306,0
"2355",2008.19398907104,0
"2356",2008.19672131148,0
"2357",2008.19945355191,0
"2358",2008.20218579235,0
"2359",2008.20491803279,0
"2360",2008.20765027322,0
"2361",2008.21038251366,0
"2362",2008.2131147541,0
"2363",2008.21584699454,0
"2364",2008.21857923497,0
"2365",2008.22131147541,0
"2366",2008.22404371585,0
"2367",2008.22677595628,0
"2368",2008.22950819672,0
"2369",2008.23224043716,0
"2370",2008.2349726776,0
"2371",2008.23770491803,0
"2372",2008.24043715847,0
"2373",2008.24316939891,0
"2374",2008.24590163934,0
"2375",2008.24863387978,0
"2376",2008.25136612022,0
"2377",2008.25409836066,0
"2378",2008.25683060109,0
"2379",2008.25956284153,0
"2380",2008.26229508197,0
"2381",2008.2650273224,0
"2382",2008.26775956284,0
"2383",2008.27049180328,0
"2384",2008.27322404372,0
"2385",2008.27595628415,0
"2386",2008.27868852459,0
"2387",2008.28142076503,0
"2388",2008.28415300546,0
"2389",2008.2868852459,0
"2390",2008.28961748634,0
"2391",2008.29234972678,0
"2392",2008.29508196721,0
"2393",2008.29781420765,0
"2394",2008.30054644809,0
"2395",2008.30327868852,0
"2396",2008.30601092896,0
"2397",2008.3087431694,0
"2398",2008.31147540984,0
"2399",2008.31420765027,0
"2400",2008.31693989071,0
"2401",2008.31967213115,0
"2402",2008.32240437158,0
"2403",2008.32513661202,0
"2404",2008.32786885246,0
"2405",2008.3306010929,0
"2406",2008.33333333333,0
"2407",2008.33606557377,0
"2408",2008.33879781421,0
"2409",2008.34153005464,0
"2410",2008.34426229508,0
"2411",2008.34699453552,0
"2412",2008.34972677596,0
"2413",2008.35245901639,0
"2414",2008.35519125683,0
"2415",2008.35792349727,0
"2416",2008.3606557377,0
"2417",2008.36338797814,0
"2418",2008.36612021858,0
"2419",2008.36885245902,0
"2420",2008.37158469945,0
"2421",2008.37431693989,0
"2422",2008.37704918033,0
"2423",2008.37978142077,0
"2424",2008.3825136612,0
"2425",2008.38524590164,0
"2426",2008.38797814208,0
"2427",2008.39071038251,0
"2428",2008.39344262295,0
"2429",2008.39617486339,0
"2430",2008.39890710383,0
"2431",2008.40163934426,0
"2432",2008.4043715847,0
"2433",2008.40710382514,0
"2434",2008.40983606557,0
"2435",2008.41256830601,0
"2436",2008.41530054645,0
"2437",2008.41803278689,0
"2438",2008.42076502732,0
"2439",2008.42349726776,0
"2440",2008.4262295082,0
"2441",2008.42896174863,0
"2442",2008.43169398907,0
"2443",2008.43442622951,0
"2444",2008.43715846995,0
"2445",2008.43989071038,0
"2446",2008.44262295082,0
"2447",2008.44535519126,0
"2448",2008.44808743169,0
"2449",2008.45081967213,0
"2450",2008.45355191257,0
"2451",2008.45628415301,0
"2452",2008.45901639344,0
"2453",2008.46174863388,0
"2454",2008.46448087432,0
"2455",2008.46721311475,0
"2456",2008.46994535519,0
"2457",2008.47267759563,0
"2458",2008.47540983607,0
"2459",2008.4781420765,0
"2460",2008.48087431694,0
"2461",2008.48360655738,0
"2462",2008.48633879781,0
"2463",2008.48907103825,0
"2464",2008.49180327869,0
"2465",2008.49453551913,0
"2466",2008.49726775956,0
"2467",2008.5,0
"2468",2008.50273224044,0
"2469",2008.50546448087,0
"2470",2008.50819672131,0
"2471",2008.51092896175,0
"2472",2008.51366120219,0
"2473",2008.51639344262,0
"2474",2008.51912568306,0
"2475",2008.5218579235,0
"2476",2008.52459016393,0
"2477",2008.52732240437,0
"2478",2008.53005464481,0
"2479",2008.53278688525,0
"2480",2008.53551912568,0
"2481",2008.53825136612,0
"2482",2008.54098360656,0
"2483",2008.54371584699,0
"2484",2008.54644808743,0
"2485",2008.54918032787,0
"2486",2008.55191256831,0
"2487",2008.55464480874,0
"2488",2008.55737704918,0
"2489",2008.56010928962,0
"2490",2008.56284153005,0
"2491",2008.56557377049,0
"2492",2008.56830601093,0
"2493",2008.57103825137,0
"2494",2008.5737704918,0
"2495",2008.57650273224,0
"2496",2008.57923497268,0
"2497",2008.58196721311,0
"2498",2008.58469945355,0
"2499",2008.58743169399,0
"2500",2008.59016393443,0
"2501",2008.59289617486,0
"2502",2008.5956284153,0
"2503",2008.59836065574,0
"2504",2008.60109289617,0
"2505",2008.60382513661,0
"2506",2008.60655737705,0
"2507",2008.60928961749,0
"2508",2008.61202185792,0
"2509",2008.61475409836,0
"2510",2008.6174863388,0
"2511",2008.62021857923,0
"2512",2008.62295081967,0
"2513",2008.62568306011,0
"2514",2008.62841530055,0
"2515",2008.63114754098,0
"2516",2008.63387978142,0
"2517",2008.63661202186,0
"2518",2008.6393442623,0
"2519",2008.64207650273,0
"2520",2008.64480874317,0
"2521",2008.64754098361,0
"2522",2008.65027322404,0
"2523",2008.65300546448,0
"2524",2008.65573770492,0
"2525",2008.65846994536,0
"2526",2008.66120218579,0
"2527",2008.66393442623,0
"2528",2008.66666666667,0
"2529",2008.6693989071,0
"2530",2008.67213114754,0
"2531",2008.67486338798,0
"2532",2008.67759562842,0
"2533",2008.68032786885,0
"2534",2008.68306010929,0
"2535",2008.68579234973,0
"2536",2008.68852459016,0
"2537",2008.6912568306,0
"2538",2008.69398907104,0
"2539",2008.69672131148,0
"2540",2008.69945355191,0
"2541",2008.70218579235,0
"2542",2008.70491803279,0
"2543",2008.70765027322,0
"2544",2008.71038251366,0
"2545",2008.7131147541,0
"2546",2008.71584699454,0
"2547",2008.71857923497,0
"2548",2008.72131147541,0
"2549",2008.72404371585,0
"2550",2008.72677595628,0
"2551",2008.72950819672,0
"2552",2008.73224043716,0
"2553",2008.7349726776,0
"2554",2008.73770491803,0
"2555",2008.74043715847,0
"2556",2008.74316939891,0
"2557",2008.74590163934,0
"2558",2008.74863387978,0
"2559",2008.75136612022,0
"2560",2008.75409836066,0
"2561",2008.75683060109,0
"2562",2008.75956284153,0
"2563",2008.76229508197,0
"2564",2008.7650273224,0
"2565",2008.76775956284,0
"2566",2008.77049180328,0
"2567",2008.77322404372,0
"2568",2008.77595628415,0
"2569",2008.77868852459,0
"2570",2008.78142076503,0
"2571",2008.78415300546,0
"2572",2008.7868852459,0
"2573",2008.78961748634,0
"2574",2008.79234972678,0
"2575",2008.79508196721,0
"2576",2008.79781420765,0
"2577",2008.80054644809,4
"2578",2008.80327868852,4
"2579",2008.80601092896,4
"2580",2008.8087431694,4
"2581",2008.81147540984,4
"2582",2008.81420765027,4
"2583",2008.81693989071,4
"2584",2008.81967213115,4
"2585",2008.82240437158,4
"2586",2008.82513661202,4
"2587",2008.82786885246,4
"2588",2008.8306010929,4
"2589",2008.83333333333,4
"2590",2008.83606557377,4
"2591",2008.83879781421,4
"2592",2008.84153005464,0
"2593",2008.84426229508,0
"2594",2008.84699453552,0
"2595",2008.84972677596,0
"2596",2008.85245901639,0
"2597",2008.85519125683,0
"2598",2008.85792349727,0
"2599",2008.8606557377,0
"2600",2008.86338797814,0
"2601",2008.86612021858,0
"2602",2008.86885245902,0
"2603",2008.87158469945,0
"2604",2008.87431693989,0
"2605",2008.87704918033,0
"2606",2008.87978142077,0
"2607",2008.8825136612,0
"2608",2008.88524590164,0
"2609",2008.88797814208,0
"2610",2008.89071038251,0
"2611",2008.89344262295,0
"2612",2008.89617486339,0
"2613",2008.89890710383,0
"2614",2008.90163934426,0
"2615",2008.9043715847,0
"2616",2008.90710382514,0
"2617",2008.90983606557,0
"2618",2008.91256830601,0
"2619",2008.91530054645,0
"2620",2008.91803278689,0
"2621",2008.92076502732,0
"2622",2008.92349726776,0
"2623",2008.9262295082,0
"2624",2008.92896174863,0
"2625",2008.93169398907,0
"2626",2008.93442622951,0
"2627",2008.93715846995,0
"2628",2008.93989071038,0
"2629",2008.94262295082,0
"2630",2008.94535519126,0
"2631",2008.94808743169,0
"2632",2008.95081967213,0
"2633",2008.95355191257,0
"2634",2008.95628415301,0
"2635",2008.95901639344,0
"2636",2008.96174863388,0
"2637",2008.96448087432,0
"2638",2008.96721311475,0
"2639",2008.96994535519,0
"2640",2008.97267759563,0
"2641",2008.97540983607,0
"2642",2008.9781420765,0
"2643",2008.98087431694,0
"2644",2008.98360655738,0
"2645",2008.98633879781,0
"2646",2008.98907103825,0
"2647",2008.99180327869,0
"2648",2008.99453551913,0
"2649",2008.99726775956,0
"2650",2009,0
"2651",2009.00273972603,0
"2652",2009.00547945205,0
"2653",2009.00821917808,0
"2654",2009.01095890411,0
"2655",2009.01369863014,0
"2656",2009.01643835616,0
"2657",2009.01917808219,0
"2658",2009.02191780822,0
"2659",2009.02465753425,0
"2660",2009.02739726027,0
"2661",2009.0301369863,0
"2662",2009.03287671233,0
"2663",2009.03561643836,0
"2664",2009.03835616438,0
"2665",2009.04109589041,0
"2666",2009.04383561644,0
"2667",2009.04657534247,0
"2668",2009.04931506849,0
"2669",2009.05205479452,0
"2670",2009.05479452055,0
"2671",2009.05753424658,0
"2672",2009.0602739726,0
"2673",2009.06301369863,0
"2674",2009.06575342466,0
"2675",2009.06849315068,0
"2676",2009.07123287671,0
"2677",2009.07397260274,0
"2678",2009.07671232877,0
"2679",2009.07945205479,0
"2680",2009.08219178082,0
"2681",2009.08493150685,0
"2682",2009.08767123288,0
"2683",2009.0904109589,0
"2684",2009.09315068493,0
"2685",2009.09589041096,5
"2686",2009.09863013699,5
"2687",2009.10136986301,5
"2688",2009.10410958904,5
"2689",2009.10684931507,5
"2690",2009.1095890411,5
"2691",2009.11232876712,5
"2692",2009.11506849315,5
"2693",2009.11780821918,5
"2694",2009.12054794521,5
"2695",2009.12328767123,5
"2696",2009.12602739726,5
"2697",2009.12876712329,5
"2698",2009.13150684931,5
"2699",2009.13424657534,5
"2700",2009.13698630137,5
"2701",2009.1397260274,5
"2702",2009.14246575342,0
"2703",2009.14520547945,0
"2704",2009.14794520548,0
"2705",2009.15068493151,0
"2706",2009.15342465753,0
"2707",2009.15616438356,0
"2708",2009.15890410959,0
"2709",2009.16164383562,0
"2710",2009.16438356164,0
"2711",2009.16712328767,0
"2712",2009.1698630137,0
"2713",2009.17260273973,0
"2714",2009.17534246575,0
"2715",2009.17808219178,0
"2716",2009.18082191781,0
"2717",2009.18356164384,0
"2718",2009.18630136986,0
"2719",2009.18904109589,0
"2720",2009.19178082192,0
"2721",2009.19452054795,0
"2722",2009.19726027397,0
"2723",2009.2,0
"2724",2009.20273972603,0
"2725",2009.20547945205,0
"2726",2009.20821917808,0
"2727",2009.21095890411,0
"2728",2009.21369863014,0
"2729",2009.21643835616,0
"2730",2009.21917808219,0
"2731",2009.22191780822,0
"2732",2009.22465753425,0
"2733",2009.22739726027,0
"2734",2009.2301369863,0
"2735",2009.23287671233,0
"2736",2009.23561643836,0
"2737",2009.23835616438,0
"2738",2009.24109589041,0
"2739",2009.24383561644,0
"2740",2009.24657534247,0
"2741",2009.24931506849,0
"2742",2009.25205479452,0
"2743",2009.25479452055,0
"2744",2009.25753424658,0
"2745",2009.2602739726,0
"2746",2009.26301369863,0
"2747",2009.26575342466,0
"2748",2009.26849315068,0
"2749",2009.27123287671,0
"2750",2009.27397260274,0
"2751",2009.27671232877,0
"2752",2009.27945205479,0
"2753",2009.28219178082,0
"2754",2009.28493150685,0
"2755",2009.28767123288,0
"2756",2009.2904109589,0
"2757",2009.29315068493,0
"2758",2009.29589041096,0
"2759",2009.29863013699,0
"2760",2009.30136986301,0
"2761",2009.30410958904,0
"2762",2009.30684931507,0
"2763",2009.3095890411,0
"2764",2009.31232876712,0
"2765",2009.31506849315,0
"2766",2009.31780821918,0
"2767",2009.32054794521,0
"2768",2009.32328767123,0
"2769",2009.32602739726,0
"2770",2009.32876712329,0
"2771",2009.33150684932,0
"2772",2009.33424657534,0
"2773",2009.33698630137,0
"2774",2009.3397260274,0
"2775",2009.34246575342,0
"2776",2009.34520547945,0
"2777",2009.34794520548,0
"2778",2009.35068493151,0
"2779",2009.35342465753,0
"2780",2009.35616438356,0
"2781",2009.35890410959,0
"2782",2009.36164383562,0
"2783",2009.36438356164,0
"2784",2009.36712328767,0
"2785",2009.3698630137,0
"2786",2009.37260273973,0
"2787",2009.37534246575,0
"2788",2009.37808219178,0
"2789",2009.38082191781,0
"2790",2009.38356164384,0
"2791",2009.38630136986,0
"2792",2009.38904109589,0
"2793",2009.39178082192,0
"2794",2009.39452054795,0
"2795",2009.39726027397,0
"2796",2009.4,0
"2797",2009.40273972603,0
"2798",2009.40547945205,0
"2799",2009.40821917808,0
"2800",2009.41095890411,0
"2801",2009.41369863014,0
"2802",2009.41643835616,0
"2803",2009.41917808219,0
"2804",2009.42191780822,0
"2805",2009.42465753425,0
"2806",2009.42739726027,0
"2807",2009.4301369863,0
"2808",2009.43287671233,0
"2809",2009.43561643836,0
"2810",2009.43835616438,0
"2811",2009.44109589041,0
"2812",2009.44383561644,0
"2813",2009.44657534247,0
"2814",2009.44931506849,0
"2815",2009.45205479452,0
"2816",2009.45479452055,0
"2817",2009.45753424658,0
"2818",2009.4602739726,0
"2819",2009.46301369863,0
"2820",2009.46575342466,0
"2821",2009.46849315068,0
"2822",2009.47123287671,0
"2823",2009.47397260274,0
"2824",2009.47671232877,0
"2825",2009.47945205479,0
"2826",2009.48219178082,0
"2827",2009.48493150685,0
"2828",2009.48767123288,0
"2829",2009.4904109589,0
"2830",2009.49315068493,0
"2831",2009.49589041096,0
