"","time","avgTemp"
"8310",2001.74794520548,28.8
"8311",2001.75068493151,27.4
"8312",2001.75342465753,24.95
"8313",2001.75616438356,24.55
"8314",2001.75890410959,28.4
"8315",2001.76164383562,27
"8316",2001.76438356164,29.1
"8317",2001.76712328767,28.55
"8318",2001.7698630137,31
"8319",2001.77260273973,28.8
"8320",2001.77534246575,30.65
"8321",2001.77808219178,32.05
"8322",2001.78082191781,27.35
"8323",2001.78356164384,27.5
"8324",2001.78630136986,26
"8325",2001.78904109589,27.3
"8326",2001.79178082192,26.05
"8327",2001.79452054795,25.95
"8328",2001.79726027397,26.05
"8329",2001.8,28.5
"8330",2001.80273972603,29.4
"8331",2001.80547945205,25.2
"8332",2001.80821917808,27.75
"8333",2001.81095890411,26.45
"8334",2001.81369863014,27.45
"8335",2001.81643835616,24.6
"8336",2001.81917808219,24.4
"8337",2001.82191780822,27.15
"8338",2001.82465753425,26.7
"8339",2001.82739726027,29.5
"8340",2001.8301369863,24.35
"8341",2001.83287671233,25.25
"8342",2001.83561643836,25.4
"8343",2001.83835616438,26.25
"8344",2001.84109589041,29.05
"8345",2001.84383561644,26.4
"8346",2001.84657534247,27.1
"8347",2001.84931506849,26
"8348",2001.85205479452,28.5
"8349",2001.85479452055,29.1
"8350",2001.85753424658,27.6
"8351",2001.8602739726,28.1
"8352",2001.86301369863,25.6
"8353",2001.86575342466,27.85
"8354",2001.86849315069,28.55
"8355",2001.87123287671,29.3
"8356",2001.87397260274,26.55
"8357",2001.87671232877,26.65
"8358",2001.87945205479,27.7
"8359",2001.88219178082,24.75
"8360",2001.88493150685,27.5
"8361",2001.88767123288,24.15
"8362",2001.8904109589,24.2
"8363",2001.89315068493,24.85
"8364",2001.89589041096,28.05
"8365",2001.89863013699,30.15
"8366",2001.90136986301,26.5
"8367",2001.90410958904,27.35
"8368",2001.90684931507,23.3
"8369",2001.9095890411,26.4
"8370",2001.91232876712,28.85
"8371",2001.91506849315,29.45
"8372",2001.91780821918,25.55
"8373",2001.92054794521,28.6
"8374",2001.92328767123,26.6
"8375",2001.92602739726,25.35
"8376",2001.92876712329,27.45
"8377",2001.93150684932,27.15
"8378",2001.93424657534,26.05
"8379",2001.93698630137,26.35
"8380",2001.9397260274,26.15
"8381",2001.94246575342,25.1
"8382",2001.94520547945,27.3
"8383",2001.94794520548,28.6
"8384",2001.95068493151,29.45
"8385",2001.95342465753,25.8
"8386",2001.95616438356,24.7
"8387",2001.95890410959,24.75
"8388",2001.96164383562,26.25
"8389",2001.96438356164,26.55
"8390",2001.96712328767,25.55
"8391",2001.9698630137,25.75
"8392",2001.97260273973,28.65
"8393",2001.97534246575,26.15
"8394",2001.97808219178,24.5
"8395",2001.98082191781,25.95
"8396",2001.98356164384,24.35
"8397",2001.98630136986,23.55
"8398",2001.98904109589,25.7
"8399",2001.99178082192,27.55
"8400",2001.99452054795,26.85
"8401",2001.99726027397,26.9
"8402",2002,27.35
"8403",2002.00273972603,28.4
"8404",2002.00547945205,27
"8405",2002.00821917808,28.1
"8406",2002.01095890411,27.85
"8407",2002.01369863014,28.9
"8408",2002.01643835616,29.25
"8409",2002.01917808219,28.55
"8410",2002.02191780822,28.3
"8411",2002.02465753425,27.6
"8412",2002.02739726027,27.75
"8413",2002.0301369863,27.45
"8414",2002.03287671233,27.8
"8415",2002.03561643836,26.85
"8416",2002.03835616438,26.4
"8417",2002.04109589041,27.55
"8418",2002.04383561644,29.05
"8419",2002.04657534247,25.5
"8420",2002.04931506849,24.8
"8421",2002.05205479452,28.2
"8422",2002.05479452055,25.6
"8423",2002.05753424658,26.65
"8424",2002.0602739726,26.3
"8425",2002.06301369863,24.4
"8426",2002.06575342466,26.45
"8427",2002.06849315068,24.45
"8428",2002.07123287671,23.2
"8429",2002.07397260274,21.8
"8430",2002.07671232877,23.75
"8431",2002.07945205479,24.3
"8432",2002.08219178082,23.45
"8433",2002.08493150685,22.35
"8434",2002.08767123288,22.9
"8435",2002.0904109589,22.45
"8436",2002.09315068493,25.6
"8437",2002.09589041096,26.55
"8438",2002.09863013699,24.65
"8439",2002.10136986301,26.15
"8440",2002.10410958904,27.2
"8441",2002.10684931507,26
"8442",2002.1095890411,25.45
"8443",2002.11232876712,27
"8444",2002.11506849315,25.65
"8445",2002.11780821918,26.05
"8446",2002.12054794521,26.55
"8447",2002.12328767123,25.85
"8448",2002.12602739726,26.3
"8449",2002.12876712329,26.5
"8450",2002.13150684931,24.2
"8451",2002.13424657534,24.35
"8452",2002.13698630137,26.45
"8453",2002.1397260274,23.9
"8454",2002.14246575342,22.85
"8455",2002.14520547945,26.9
"8456",2002.14794520548,25.5
"8457",2002.15068493151,25.35
"8458",2002.15342465753,28.6
"8459",2002.15616438356,28.45
"8460",2002.15890410959,27.8
"8461",2002.16164383562,27
"8462",2002.16438356164,24.85
"8463",2002.16712328767,24.95
"8464",2002.1698630137,26
"8465",2002.17260273973,23.95
"8466",2002.17534246575,26.2
"8467",2002.17808219178,26.95
"8468",2002.18082191781,27.2
"8469",2002.18356164384,28
"8470",2002.18630136986,28.9
"8471",2002.18904109589,27.8
"8472",2002.19178082192,26.8
"8473",2002.19452054795,26.65
"8474",2002.19726027397,26.25
"8475",2002.2,25.9
"8476",2002.20273972603,26.65
"8477",2002.20547945205,25.25
"8478",2002.20821917808,25.15
"8479",2002.21095890411,23.7
"8480",2002.21369863014,23.65
"8481",2002.21643835616,23.9
"8482",2002.21917808219,22.6
"8483",2002.22191780822,23.85
"8484",2002.22465753425,26
"8485",2002.22739726027,24.75
"8486",2002.2301369863,24.5
"8487",2002.23287671233,23.6
"8488",2002.23561643836,25.6
"8489",2002.23835616438,23.55
"8490",2002.24109589041,26.05
"8491",2002.24383561644,25.7
"8492",2002.24657534247,25.4
"8493",2002.24931506849,24.35
"8494",2002.25205479452,26.4
"8495",2002.25479452055,24.95
"8496",2002.25753424658,22.05
"8497",2002.2602739726,24.7
"8498",2002.26301369863,25.85
"8499",2002.26575342466,23.55
"8500",2002.26849315068,24.75
"8501",2002.27123287671,25.5
"8502",2002.27397260274,26.55
"8503",2002.27671232877,26.45
"8504",2002.27945205479,25.7
"8505",2002.28219178082,26.75
"8506",2002.28493150685,24.7
"8507",2002.28767123288,26.05
"8508",2002.2904109589,26.35
"8509",2002.29315068493,25.2
"8510",2002.29589041096,27.65
"8511",2002.29863013699,24.05
"8512",2002.30136986301,26.1
"8513",2002.30410958904,24.25
"8514",2002.30684931507,26.1
"8515",2002.3095890411,26.15
"8516",2002.31232876712,26.25
"8517",2002.31506849315,24.85
"8518",2002.31780821918,25.55
"8519",2002.32054794521,24
"8520",2002.32328767123,24.9
"8521",2002.32602739726,24.85
"8522",2002.32876712329,24.9
"8523",2002.33150684932,26.3
"8524",2002.33424657534,24.45
"8525",2002.33698630137,25.8
"8526",2002.3397260274,26.25
"8527",2002.34246575342,24.45
"8528",2002.34520547945,23.95
"8529",2002.34794520548,23.8
"8530",2002.35068493151,25.1
"8531",2002.35342465753,26.55
"8532",2002.35616438356,24.9
"8533",2002.35890410959,24.25
"8534",2002.36164383562,22.5
"8535",2002.36438356164,24.8
"8536",2002.36712328767,24.75
"8537",2002.3698630137,27.55
"8538",2002.37260273973,26.05
"8539",2002.37534246575,23.25
"8540",2002.37808219178,25.9
"8541",2002.38082191781,26
"8542",2002.38356164384,25.7
"8543",2002.38630136986,24.4
"8544",2002.38904109589,23.85
"8545",2002.39178082192,24.5
"8546",2002.39452054795,26.6
"8547",2002.39726027397,26.7
"8548",2002.4,27.2
"8549",2002.40273972603,26.2
"8550",2002.40547945205,22.15
"8551",2002.40821917808,22.85
"8552",2002.41095890411,22.55
"8553",2002.41369863014,22
"8554",2002.41643835616,25.35
"8555",2002.41917808219,26.45
"8556",2002.42191780822,26.95
"8557",2002.42465753425,25.7
"8558",2002.42739726027,25.8
"8559",2002.4301369863,24.4
"8560",2002.43287671233,25.4
"8561",2002.43561643836,26.7
"8562",2002.43835616438,25.8
"8563",2002.44109589041,24.7
"8564",2002.44383561644,22.55
"8565",2002.44657534247,24.25
"8566",2002.44931506849,24.65
"8567",2002.45205479452,25.1
"8568",2002.45479452055,25.25
"8569",2002.45753424658,24.05
"8570",2002.4602739726,23.75
"8571",2002.46301369863,25.65
"8572",2002.46575342466,24.25
"8573",2002.46849315068,24.95
"8574",2002.47123287671,25.05
"8575",2002.47397260274,22.55
"8576",2002.47671232877,20.1
"8577",2002.47945205479,22.75
"8578",2002.48219178082,21.6
"8579",2002.48493150685,20.8
"8580",2002.48767123288,20.25
"8581",2002.4904109589,24.25
"8582",2002.49315068493,22
"8583",2002.49589041096,20.55
"8584",2002.49863013699,24
"8585",2002.50136986301,22.55
"8586",2002.50410958904,22.15
"8587",2002.50684931507,21
"8588",2002.5095890411,25.55
"8589",2002.51232876712,26.5
"8590",2002.51506849315,25.45
"8591",2002.51780821918,26.8
"8592",2002.52054794521,24.75
"8593",2002.52328767123,24.5
"8594",2002.52602739726,24.5
"8595",2002.52876712329,23.3
"8596",2002.53150684932,23.2
"8597",2002.53424657534,25.1
"8598",2002.53698630137,26.75
"8599",2002.5397260274,24.3
"8600",2002.54246575342,24.55
"8601",2002.54520547945,23.45
"8602",2002.54794520548,24.7
"8603",2002.55068493151,26.25
"8604",2002.55342465753,26.05
"8605",2002.55616438356,26.35
"8606",2002.55890410959,24.95
"8607",2002.56164383562,27.9
"8608",2002.56438356164,27
"8609",2002.56712328767,25.75
"8610",2002.5698630137,24.45
"8611",2002.57260273973,22.65
"8612",2002.57534246575,25.15
"8613",2002.57808219178,25
"8614",2002.58082191781,26.3
"8615",2002.58356164384,23.35
"8616",2002.58630136986,24.9
"8617",2002.58904109589,26.55
"8618",2002.59178082192,27.2
"8619",2002.59452054795,25.75
"8620",2002.59726027397,26.1
"8621",2002.6,25.6
"8622",2002.60273972603,26.55
"8623",2002.60547945205,26.85
"8624",2002.60821917808,26.1
"8625",2002.61095890411,26.35
"8626",2002.61369863014,21.85
"8627",2002.61643835616,23.3
"8628",2002.61917808219,20.4
"8629",2002.62191780822,20.5
"8630",2002.62465753425,25.35
"8631",2002.62739726027,26.65
"8632",2002.6301369863,27.05
"8633",2002.63287671233,26.35
"8634",2002.63561643836,26.2
"8635",2002.63835616438,26.25
"8636",2002.64109589041,28.5
"8637",2002.64383561644,28.1
"8638",2002.64657534247,24.65
"8639",2002.64931506849,27.8
"8640",2002.65205479452,29.05
"8641",2002.65479452055,28.25
"8642",2002.65753424658,27.05
"8643",2002.6602739726,25.9
"8644",2002.66301369863,28
"8645",2002.66575342466,27.25
"8646",2002.66849315068,27.2
"8647",2002.67123287671,27.05
"8648",2002.67397260274,27.65
"8649",2002.67671232877,28.65
"8650",2002.67945205479,28.65
"8651",2002.68219178082,27.8
"8652",2002.68493150685,24.05
"8653",2002.68767123288,25.55
"8654",2002.6904109589,27.7
"8655",2002.69315068493,28.45
"8656",2002.69589041096,27.25
"8657",2002.69863013699,25.6
"8658",2002.70136986301,29.15
"8659",2002.70410958904,27.6
"8660",2002.70684931507,29.5
"8661",2002.7095890411,27.55
"8662",2002.71232876712,27.75
"8663",2002.71506849315,26.75
"8664",2002.71780821918,26.25
"8665",2002.72054794521,28.6
"8666",2002.72328767123,29.95
"8667",2002.72602739726,28.9
"8668",2002.72876712329,29.95
"8669",2002.73150684932,27.1
"8670",2002.73424657534,30.5
"8671",2002.73698630137,27.5
"8672",2002.7397260274,26.1
"8673",2002.74246575342,27.2
"8674",2002.74520547945,28.25
"8675",2002.74794520548,24.1
"8676",2002.75068493151,29.15
"8677",2002.75342465753,28.45
"8678",2002.75616438356,25.8
"8679",2002.75890410959,26.25
"8680",2002.76164383562,29
"8681",2002.76438356164,29.05
"8682",2002.76712328767,25.4
"8683",2002.7698630137,25.95
"8684",2002.77260273973,27.95
"8685",2002.77534246575,25.8
"8686",2002.77808219178,26.4
"8687",2002.78082191781,27.6
"8688",2002.78356164384,26.85
"8689",2002.78630136986,25.25
"8690",2002.78904109589,25.7
"8691",2002.79178082192,22.5
"8692",2002.79452054795,24.85
"8693",2002.79726027397,25.05
"8694",2002.8,25.5
"8695",2002.80273972603,26.15
"8696",2002.80547945205,27.15
"8697",2002.80821917808,25.95
"8698",2002.81095890411,26.95
"8699",2002.81369863014,26.1
"8700",2002.81643835616,27.95
"8701",2002.81917808219,27.15
"8702",2002.82191780822,28.4
"8703",2002.82465753425,28.6
"8704",2002.82739726027,26.8
"8705",2002.8301369863,23.8
"8706",2002.83287671233,23.45
"8707",2002.83561643836,23.75
"8708",2002.83835616438,26.15
"8709",2002.84109589041,26
"8710",2002.84383561644,28.35
"8711",2002.84657534247,23.05
"8712",2002.84931506849,24.6
"8713",2002.85205479452,24.9
"8714",2002.85479452055,25.1
"8715",2002.85753424658,23.15
"8716",2002.8602739726,24.95
"8717",2002.86301369863,24.2
"8718",2002.86575342466,24.1
"8719",2002.86849315069,26.1
"8720",2002.87123287671,25.95
"8721",2002.87397260274,26.55
"8722",2002.87671232877,25.05
"8723",2002.87945205479,27.8
"8724",2002.88219178082,27.5
"8725",2002.88493150685,28.9
"8726",2002.88767123288,27.45
"8727",2002.8904109589,25.9
"8728",2002.89315068493,24.25
"8729",2002.89589041096,25.6
"8730",2002.89863013699,27.6
"8731",2002.90136986301,26.3
"8732",2002.90410958904,26.55
"8733",2002.90684931507,25.9
"8734",2002.9095890411,26
"8735",2002.91232876712,27.4
"8736",2002.91506849315,26.8
"8737",2002.91780821918,26.6
"8738",2002.92054794521,24
"8739",2002.92328767123,23.25
"8740",2002.92602739726,26.75
"8741",2002.92876712329,24.8
"8742",2002.93150684932,26.4
"8743",2002.93424657534,28.05
"8744",2002.93698630137,27.35
"8745",2002.9397260274,28.1
"8746",2002.94246575342,27.65
"8747",2002.94520547945,24
"8748",2002.94794520548,24.45
"8749",2002.95068493151,26.05
"8750",2002.95342465753,24.55
"8751",2002.95616438356,26.55
"8752",2002.95890410959,25.75
"8753",2002.96164383562,25
"8754",2002.96438356164,23.95
"8755",2002.96712328767,26.6
"8756",2002.9698630137,27.4
"8757",2002.97260273973,27.4
"8758",2002.97534246575,26.05
"8759",2002.97808219178,24.7
"8760",2002.98082191781,24.75
"8761",2002.98356164384,24.05
"8762",2002.98630136986,25.1
"8763",2002.98904109589,22.95
"8764",2002.99178082192,24.65
"8765",2002.99452054795,26.85
"8766",2002.99726027397,24.65
"8767",2003,26.9
"8768",2003.00273972603,26.95
"8769",2003.00547945205,25.2
"8770",2003.00821917808,26.9
"8771",2003.01095890411,27.25
"8772",2003.01369863014,24.3
"8773",2003.01643835616,26.75
"8774",2003.01917808219,25.95
"8775",2003.02191780822,24.35
"8776",2003.02465753425,25.4
"8777",2003.02739726027,26.1
"8778",2003.0301369863,25.3
"8779",2003.03287671233,24.4
"8780",2003.03561643836,25.7
"8781",2003.03835616438,26.3
"8782",2003.04109589041,25.9
"8783",2003.04383561644,24.2
"8784",2003.04657534247,26.15
"8785",2003.04931506849,27.65
"8786",2003.05205479452,29
"8787",2003.05479452055,27.1
"8788",2003.05753424658,26.9
"8789",2003.0602739726,28.2
"8790",2003.06301369863,29.05
"8791",2003.06575342466,27.7
"8792",2003.06849315068,24.9
"8793",2003.07123287671,25.8
"8794",2003.07397260274,27
"8795",2003.07671232877,27.75
"8796",2003.07945205479,26.4
"8797",2003.08219178082,24
"8798",2003.08493150685,24.4
"8799",2003.08767123288,22.7
"8800",2003.0904109589,24.5
"8801",2003.09315068493,24.2
"8802",2003.09589041096,22.85
"8803",2003.09863013699,25.55
"8804",2003.10136986301,25.95
"8805",2003.10410958904,25.6
"8806",2003.10684931507,24.1
"8807",2003.1095890411,23.4
"8808",2003.11232876712,23.85
"8809",2003.11506849315,26.45
"8810",2003.11780821918,26.45
"8811",2003.12054794521,27.6
"8812",2003.12328767123,28.05
"8813",2003.12602739726,27.55
"8814",2003.12876712329,28.7
"8815",2003.13150684931,28.35
"8816",2003.13424657534,28.55
"8817",2003.13698630137,29.05
"8818",2003.1397260274,27.95
"8819",2003.14246575342,27.4
"8820",2003.14520547945,25.3
"8821",2003.14794520548,24.95
"8822",2003.15068493151,25.6
"8823",2003.15342465753,26.9
"8824",2003.15616438356,27.5
"8825",2003.15890410959,24.95
"8826",2003.16164383562,23.15
"8827",2003.16438356164,26.8
"8828",2003.16712328767,25.3
"8829",2003.1698630137,24
"8830",2003.17260273973,23
"8831",2003.17534246575,22.85
"8832",2003.17808219178,25.5
"8833",2003.18082191781,24.85
"8834",2003.18356164384,26
"8835",2003.18630136986,25.2
"8836",2003.18904109589,24.75
"8837",2003.19178082192,24.5
"8838",2003.19452054795,25.5
"8839",2003.19726027397,26.5
"8840",2003.2,28.5
"8841",2003.20273972603,26.55
"8842",2003.20547945205,25.85
"8843",2003.20821917808,28.05
"8844",2003.21095890411,28.1
"8845",2003.21369863014,27.45
"8846",2003.21643835616,28.85
"8847",2003.21917808219,25.45
"8848",2003.22191780822,27.3
"8849",2003.22465753425,25.5
"8850",2003.22739726027,24.75
"8851",2003.2301369863,27.05
"8852",2003.23287671233,26.75
"8853",2003.23561643836,28.1
"8854",2003.23835616438,25.05
"8855",2003.24109589041,26
"8856",2003.24383561644,27.75
"8857",2003.24657534247,27.3
"8858",2003.24931506849,24.85
"8859",2003.25205479452,26.45
"8860",2003.25479452055,24.8
"8861",2003.25753424658,25.15
"8862",2003.2602739726,26.25
"8863",2003.26301369863,25.95
"8864",2003.26575342466,25
"8865",2003.26849315068,26.75
"8866",2003.27123287671,25.3
"8867",2003.27397260274,24.6
"8868",2003.27671232877,23.55
"8869",2003.27945205479,22.7
"8870",2003.28219178082,22.7
"8871",2003.28493150685,25.45
"8872",2003.28767123288,26
"8873",2003.2904109589,26.65
"8874",2003.29315068493,27.5
"8875",2003.29589041096,27.85
"8876",2003.29863013699,25.65
"8877",2003.30136986301,25.2
"8878",2003.30410958904,24.3
"8879",2003.30684931507,23.45
"8880",2003.3095890411,23.9
"8881",2003.31232876712,23.65
"8882",2003.31506849315,22.75
"8883",2003.31780821918,26.4
"8884",2003.32054794521,26.6
"8885",2003.32328767123,26.5
"8886",2003.32602739726,23.9
"8887",2003.32876712329,21.95
"8888",2003.33150684932,22
"8889",2003.33424657534,25.95
"8890",2003.33698630137,26.7
"8891",2003.3397260274,26.7
"8892",2003.34246575342,25.75
"8893",2003.34520547945,22.15
"8894",2003.34794520548,21.1
"8895",2003.35068493151,22.5
"8896",2003.35342465753,20.55
"8897",2003.35616438356,19.25
"8898",2003.35890410959,23.35
"8899",2003.36164383562,22.6
"8900",2003.36438356164,24.65
"8901",2003.36712328767,22.75
"8902",2003.3698630137,22.3
"8903",2003.37260273973,21.9
"8904",2003.37534246575,25.2
"8905",2003.37808219178,26.4
"8906",2003.38082191781,27
"8907",2003.38356164384,25.7
"8908",2003.38630136986,26.55
"8909",2003.38904109589,26.3
"8910",2003.39178082192,26.4
"8911",2003.39452054795,25.45
"8912",2003.39726027397,23.35
"8913",2003.4,25.1
"8914",2003.40273972603,23.2
"8915",2003.40547945205,23.8
"8916",2003.40821917808,25.05
"8917",2003.41095890411,24
"8918",2003.41369863014,25.9
"8919",2003.41643835616,25.2
"8920",2003.41917808219,26.05
"8921",2003.42191780822,24.35
"8922",2003.42465753425,24.65
"8923",2003.42739726027,23.05
"8924",2003.4301369863,25.3
"8925",2003.43287671233,24.7
"8926",2003.43561643836,24.5
"8927",2003.43835616438,25.75
"8928",2003.44109589041,24.45
"8929",2003.44383561644,24.8
"8930",2003.44657534247,24.1
"8931",2003.44931506849,23.8
"8932",2003.45205479452,21.45
"8933",2003.45479452055,20.9
"8934",2003.45753424658,24.6
"8935",2003.4602739726,24.25
"8936",2003.46301369863,21.95
"8937",2003.46575342466,22.2
"8938",2003.46849315068,24.6
"8939",2003.47123287671,22.15
"8940",2003.47397260274,22.7
"8941",2003.47671232877,21.2
"8942",2003.47945205479,21.1
"8943",2003.48219178082,21.3
"8944",2003.48493150685,23.35
"8945",2003.48767123288,26.05
"8946",2003.4904109589,23.85
"8947",2003.49315068493,23.05
"8948",2003.49589041096,24
"8949",2003.49863013699,24.5
"8950",2003.50136986301,23
"8951",2003.50410958904,25.9
"8952",2003.50684931507,25.65
"8953",2003.5095890411,26.95
"8954",2003.51232876712,26.1
"8955",2003.51506849315,26.2
"8956",2003.51780821918,26.35
"8957",2003.52054794521,25.15
"8958",2003.52328767123,26.25
"8959",2003.52602739726,24.25
"8960",2003.52876712329,24.15
"8961",2003.53150684932,22.8
"8962",2003.53424657534,23.85
"8963",2003.53698630137,25.8
"8964",2003.5397260274,24.7
"8965",2003.54246575342,25.2
"8966",2003.54520547945,24.05
"8967",2003.54794520548,26.1
"8968",2003.55068493151,24.55
"8969",2003.55342465753,25.4
"8970",2003.55616438356,24.9
"8971",2003.55890410959,24.55
"8972",2003.56164383562,26.15
"8973",2003.56438356164,23.4
"8974",2003.56712328767,25.05
"8975",2003.5698630137,27
"8976",2003.57260273973,25.35
"8977",2003.57534246575,23.65
"8978",2003.57808219178,24.6
"8979",2003.58082191781,26.45
"8980",2003.58356164384,25.45
"8981",2003.58630136986,26.05
"8982",2003.58904109589,26.25
"8983",2003.59178082192,24.9
"8984",2003.59452054795,26.45
"8985",2003.59726027397,24.6
"8986",2003.6,25.5
"8987",2003.60273972603,27.3
"8988",2003.60547945205,22.9
"8989",2003.60821917808,24.2
"8990",2003.61095890411,25.9
"8991",2003.61369863014,27.6
"8992",2003.61643835616,24.85
"8993",2003.61917808219,26.55
"8994",2003.62191780822,23.55
"8995",2003.62465753425,24.85
"8996",2003.62739726027,26.65
"8997",2003.6301369863,26.7
"8998",2003.63287671233,26.7
"8999",2003.63561643836,26.55
"9000",2003.63835616438,27.8
"9001",2003.64109589041,25.15
"9002",2003.64383561644,27
"9003",2003.64657534247,25.75
"9004",2003.64931506849,24.4
"9005",2003.65205479452,26.05
"9006",2003.65479452055,26.3
"9007",2003.65753424658,24.8
"9008",2003.6602739726,23.05
"9009",2003.66301369863,25.05
"9010",2003.66575342466,27.4
"9011",2003.66849315068,25.7
"9012",2003.67123287671,26.9
"9013",2003.67397260274,28.6
"9014",2003.67671232877,24.75
"9015",2003.67945205479,27.95
"9016",2003.68219178082,27
"9017",2003.68493150685,28.4
"9018",2003.68767123288,25.2
"9019",2003.6904109589,22.75
"9020",2003.69315068493,20.85
"9021",2003.69589041096,22.65
"9022",2003.69863013699,25.2
"9023",2003.70136986301,27.5
"9024",2003.70410958904,27.75
"9025",2003.70684931507,28.15
"9026",2003.7095890411,25.9
"9027",2003.71232876712,25.4
"9028",2003.71506849315,27.05
"9029",2003.71780821918,27.45
"9030",2003.72054794521,25.2
"9031",2003.72328767123,23.85
"9032",2003.72602739726,25.7
"9033",2003.72876712329,28.2
"9034",2003.73150684932,29.95
"9035",2003.73424657534,28.6
"9036",2003.73698630137,27.5
"9037",2003.7397260274,28.85
"9038",2003.74246575342,24.05
"9039",2003.74520547945,25.8
"9040",2003.74794520548,25.85
"9041",2003.75068493151,27.55
"9042",2003.75342465753,26.4
"9043",2003.75616438356,28.3
"9044",2003.75890410959,27.3
"9045",2003.76164383562,25.95
"9046",2003.76438356164,25.5
"9047",2003.76712328767,26.15
"9048",2003.7698630137,27.4
"9049",2003.77260273973,27.05
"9050",2003.77534246575,26.95
"9051",2003.77808219178,25.7
"9052",2003.78082191781,24.65
"9053",2003.78356164384,24.35
"9054",2003.78630136986,25.75
"9055",2003.78904109589,28.5
"9056",2003.79178082192,28.25
"9057",2003.79452054795,30.05
"9058",2003.79726027397,28.6
"9059",2003.8,27.2
"9060",2003.80273972603,26.2
"9061",2003.80547945205,27.6
"9062",2003.80821917808,29.05
"9063",2003.81095890411,25
"9064",2003.81369863014,28.05
"9065",2003.81643835616,28.6
"9066",2003.81917808219,29.35
"9067",2003.82191780822,30.7
"9068",2003.82465753425,23.8
"9069",2003.82739726027,27
"9070",2003.8301369863,29.55
"9071",2003.83287671233,28.7
"9072",2003.83561643836,26.4
"9073",2003.83835616438,21.5
"9074",2003.84109589041,24.5
"9075",2003.84383561644,27.55
"9076",2003.84657534247,28.05
"9077",2003.84931506849,25.3
"9078",2003.85205479452,28.85
"9079",2003.85479452055,27.95
"9080",2003.85753424658,26.95
"9081",2003.8602739726,25.3
"9082",2003.86301369863,27.55
"9083",2003.86575342466,27.2
"9084",2003.86849315069,27.6
"9085",2003.87123287671,25.55
"9086",2003.87397260274,27.15
"9087",2003.87671232877,28.35
"9088",2003.87945205479,28.25
"9089",2003.88219178082,26.85
"9090",2003.88493150685,26.55
"9091",2003.88767123288,27.5
"9092",2003.8904109589,25.65
"9093",2003.89315068493,23.55
"9094",2003.89589041096,26.85
"9095",2003.89863013699,26.95
"9096",2003.90136986301,24.85
"9097",2003.90410958904,25.25
"9098",2003.90684931507,27.15
"9099",2003.9095890411,27.7
"9100",2003.91232876712,25.2
"9101",2003.91506849315,29
"9102",2003.91780821918,26.8
"9103",2003.92054794521,27.4
"9104",2003.92328767123,27.2
"9105",2003.92602739726,27.15
"9106",2003.92876712329,27.45
"9107",2003.93150684932,27.85
"9108",2003.93424657534,25.85
"9109",2003.93698630137,29.4
"9110",2003.9397260274,27.45
"9111",2003.94246575342,26.45
"9112",2003.94520547945,23.55
"9113",2003.94794520548,26.2
"9114",2003.95068493151,25.85
"9115",2003.95342465753,25.85
"9116",2003.95616438356,23.65
"9117",2003.95890410959,22.95
"9118",2003.96164383562,22.2
"9119",2003.96438356164,24.8
"9120",2003.96712328767,25.4
"9121",2003.9698630137,23
"9122",2003.97260273973,25.3
"9123",2003.97534246575,26.6
"9124",2003.97808219178,25.1
"9125",2003.98082191781,27.5
"9126",2003.98356164384,28.5
"9127",2003.98630136986,28.25
"9128",2003.98904109589,28.9
"9129",2003.99178082192,28.85
"9130",2003.99452054795,26.35
"9131",2003.99726027397,25.95
"9132",2004,23.45
"9133",2004.00273224044,24.65
"9134",2004.00546448087,26.55
"9135",2004.00819672131,26.55
"9136",2004.01092896175,25.65
"9137",2004.01366120219,25.3
"9138",2004.01639344262,25.85
"9139",2004.01912568306,23.75
"9140",2004.0218579235,26.3
"9141",2004.02459016393,25.4
"9142",2004.02732240437,27.2
"9143",2004.03005464481,26.85
"9144",2004.03278688525,27.25
"9145",2004.03551912568,28.6
"9146",2004.03825136612,28.95
"9147",2004.04098360656,26.95
"9148",2004.04371584699,26.4
"9149",2004.04644808743,27.8
"9150",2004.04918032787,27.8
"9151",2004.05191256831,29.25
"9152",2004.05464480874,29.3
"9153",2004.05737704918,28.75
"9154",2004.06010928962,28.55
"9155",2004.06284153005,28.8
"9156",2004.06557377049,28.3
"9157",2004.06830601093,30.05
"9158",2004.07103825137,29.05
"9159",2004.0737704918,28.55
"9160",2004.07650273224,27.1
"9161",2004.07923497268,28.1
"9162",2004.08196721311,28.85
"9163",2004.08469945355,28.6
"9164",2004.08743169399,27.3
"9165",2004.09016393443,24.2
"9166",2004.09289617486,27.95
"9167",2004.0956284153,27.85
"9168",2004.09836065574,27.7
"9169",2004.10109289617,25.7
"9170",2004.10382513661,25.1
"9171",2004.10655737705,26.3
"9172",2004.10928961749,25.55
"9173",2004.11202185792,25.8
"9174",2004.11475409836,23.1
"9175",2004.1174863388,28.2
"9176",2004.12021857923,27.85
"9177",2004.12295081967,28.95
"9178",2004.12568306011,26.75
"9179",2004.12841530055,28.95
"9180",2004.13114754098,26.75
"9181",2004.13387978142,26.65
"9182",2004.13661202186,23.65
"9183",2004.1393442623,26.2
"9184",2004.14207650273,24.85
"9185",2004.14480874317,26.95
"9186",2004.14754098361,26.2
"9187",2004.15027322404,29.05
"9188",2004.15300546448,25.15
"9189",2004.15573770492,26.1
"9190",2004.15846994536,25.9
"9191",2004.16120218579,25.8
"9192",2004.16393442623,25.75
"9193",2004.16666666667,23.85
"9194",2004.1693989071,25.5
"9195",2004.17213114754,24.6
"9196",2004.17486338798,23.05
"9197",2004.17759562842,23.8
"9198",2004.18032786885,24
"9199",2004.18306010929,25.8
"9200",2004.18579234973,25.65
"9201",2004.18852459016,26
"9202",2004.1912568306,27.55
"9203",2004.19398907104,26.45
"9204",2004.19672131148,25.8
"9205",2004.19945355191,27
"9206",2004.20218579235,26.25
"9207",2004.20491803279,23.35
"9208",2004.20765027322,25.4
"9209",2004.21038251366,24.7
"9210",2004.2131147541,25.3
"9211",2004.21584699454,26.2
"9212",2004.21857923497,25.4
"9213",2004.22131147541,25
"9214",2004.22404371585,24.45
"9215",2004.22677595628,26.8
"9216",2004.22950819672,26.15
"9217",2004.23224043716,25.45
"9218",2004.2349726776,25.4
"9219",2004.23770491803,22.55
"9220",2004.24043715847,25
"9221",2004.24316939891,26.75
"9222",2004.24590163934,25.55
"9223",2004.24863387978,25.9
"9224",2004.25136612022,27.95
"9225",2004.25409836066,25.6
"9226",2004.25683060109,25.85
"9227",2004.25956284153,23.2
"9228",2004.26229508197,25.1
"9229",2004.2650273224,26.9
"9230",2004.26775956284,26.55
"9231",2004.27049180328,26.55
"9232",2004.27322404372,25.5
"9233",2004.27595628415,25.8
"9234",2004.27868852459,29.1
"9235",2004.28142076503,26.05
"9236",2004.28415300546,24.95
"9237",2004.2868852459,24.85
"9238",2004.28961748634,25.6
"9239",2004.29234972678,25.8
"9240",2004.29508196721,25
"9241",2004.29781420765,25.3
"9242",2004.30054644809,25.6
"9243",2004.30327868852,25.9
"9244",2004.30601092896,26.6
"9245",2004.3087431694,23.95
"9246",2004.31147540984,24.3
"9247",2004.31420765027,22.4
"9248",2004.31693989071,24
"9249",2004.31967213115,24.35
"9250",2004.32240437158,25.85
"9251",2004.32513661202,25.2
"9252",2004.32786885246,27.65
"9253",2004.3306010929,26.3
"9254",2004.33333333333,26.7
"9255",2004.33606557377,25.8
"9256",2004.33879781421,26.7
"9257",2004.34153005464,24.45
"9258",2004.34426229508,23
"9259",2004.34699453552,21.55
"9260",2004.34972677596,22.5
"9261",2004.35245901639,24.85
"9262",2004.35519125683,25.4
"9263",2004.35792349727,26.55
"9264",2004.3606557377,28.3
"9265",2004.36338797814,27.7
"9266",2004.36612021858,27.3
"9267",2004.36885245902,25
"9268",2004.37158469945,22.1
"9269",2004.37431693989,25.25
"9270",2004.37704918033,25.6
"9271",2004.37978142077,24.7
"9272",2004.3825136612,23.9
"9273",2004.38524590164,26.55
"9274",2004.38797814208,23.1
"9275",2004.39071038251,25.9
"9276",2004.39344262295,26.5
"9277",2004.39617486339,25.95
"9278",2004.39890710383,24.6
"9279",2004.40163934426,23.4
"9280",2004.4043715847,24.35
"9281",2004.40710382514,25.05
"9282",2004.40983606557,24.4
"9283",2004.41256830601,24.95
"9284",2004.41530054645,22.95
"9285",2004.41803278689,23.45
"9286",2004.42076502732,23.3
"9287",2004.42349726776,23
"9288",2004.4262295082,23.5
"9289",2004.42896174863,22.45
"9290",2004.43169398907,23.05
"9291",2004.43442622951,23.15
"9292",2004.43715846995,24.65
"9293",2004.43989071038,26.05
"9294",2004.44262295082,25.65
"9295",2004.44535519126,24.1
"9296",2004.44808743169,21.45
"9297",2004.45081967213,24.15
"9298",2004.45355191257,23.8
"9299",2004.45628415301,24.7
"9300",2004.45901639344,23.9
"9301",2004.46174863388,22.95
"9302",2004.46448087432,23.25
"9303",2004.46721311475,23.2
"9304",2004.46994535519,23.85
"9305",2004.47267759563,23.25
"9306",2004.47540983607,25.55
"9307",2004.4781420765,24.4
"9308",2004.48087431694,23
"9309",2004.48360655738,25.5
"9310",2004.48633879781,24.4
"9311",2004.48907103825,24.95
"9312",2004.49180327869,25.85
"9313",2004.49453551913,25.1
"9314",2004.49726775956,27.1
"9315",2004.5,24.15
"9316",2004.50273224044,23.8
"9317",2004.50546448087,24.35
"9318",2004.50819672131,24.2
"9319",2004.51092896175,24.4
"9320",2004.51366120219,26
"9321",2004.51639344262,26.7
"9322",2004.51912568306,26.2
"9323",2004.5218579235,26.9
"9324",2004.52459016393,25
"9325",2004.52732240437,25.3
"9326",2004.53005464481,25.65
"9327",2004.53278688525,25.85
"9328",2004.53551912568,24.35
"9329",2004.53825136612,24.85
"9330",2004.54098360656,24.4
"9331",2004.54371584699,25
"9332",2004.54644808743,24.65
"9333",2004.54918032787,23.8
"9334",2004.55191256831,25.95
"9335",2004.55464480874,25.4
"9336",2004.55737704918,22.25
"9337",2004.56010928962,22.3
"9338",2004.56284153005,24.8
"9339",2004.56557377049,24.5
"9340",2004.56830601093,25.65
"9341",2004.57103825137,26.05
"9342",2004.5737704918,27.45
"9343",2004.57650273224,25.6
"9344",2004.57923497268,24.65
"9345",2004.58196721311,25.35
"9346",2004.58469945355,25.95
"9347",2004.58743169399,24
"9348",2004.59016393443,24.35
"9349",2004.59289617486,25.1
"9350",2004.5956284153,25.25
"9351",2004.59836065574,23.1
"9352",2004.60109289617,24.8
"9353",2004.60382513661,24.8
"9354",2004.60655737705,25.85
"9355",2004.60928961749,26.7
"9356",2004.61202185792,26
"9357",2004.61475409836,28.25
"9358",2004.6174863388,27.7
"9359",2004.62021857923,27.2
"9360",2004.62295081967,26.15
"9361",2004.62568306011,27.5
"9362",2004.62841530055,26.65
"9363",2004.63114754098,26.3
"9364",2004.63387978142,26.5
"9365",2004.63661202186,28.15
"9366",2004.6393442623,27.45
"9367",2004.64207650273,24.05
"9368",2004.64480874317,24.85
"9369",2004.64754098361,25.65
"9370",2004.65027322404,26.7
"9371",2004.65300546448,26
"9372",2004.65573770492,27.15
"9373",2004.65846994536,26.65
"9374",2004.66120218579,26.6
"9375",2004.66393442623,27.55
"9376",2004.66666666667,28.4
"9377",2004.6693989071,28.7
"9378",2004.67213114754,26.25
"9379",2004.67486338798,27.65
"9380",2004.67759562842,25.3
"9381",2004.68032786885,27.7
"9382",2004.68306010929,27.95
"9383",2004.68579234973,26.1
"9384",2004.68852459016,27.25
"9385",2004.6912568306,25.85
"9386",2004.69398907104,25.5
"9387",2004.69672131148,23.95
"9388",2004.69945355191,24.8
"9389",2004.70218579235,26.75
"9390",2004.70491803279,27.2
"9391",2004.70765027322,28.65
"9392",2004.71038251366,24.85
"9393",2004.7131147541,26.5
"9394",2004.71584699454,26.8
"9395",2004.71857923497,27
"9396",2004.72131147541,26.9
"9397",2004.72404371585,30
"9398",2004.72677595628,28.4
"9399",2004.72950819672,26.15
"9400",2004.73224043716,27.45
"9401",2004.7349726776,26.6
"9402",2004.73770491803,28.85
"9403",2004.74043715847,26
"9404",2004.74316939891,23.5
"9405",2004.74590163934,24.55
"9406",2004.74863387978,25.15
"9407",2004.75136612022,26.5
"9408",2004.75409836066,26.5
"9409",2004.75683060109,26.95
"9410",2004.75956284153,26.85
"9411",2004.76229508197,24.95
"9412",2004.7650273224,24.9
"9413",2004.76775956284,27.7
"9414",2004.77049180328,27.6
"9415",2004.77322404372,26.15
"9416",2004.77595628415,24.65
"9417",2004.77868852459,27.25
"9418",2004.78142076503,28.6
"9419",2004.78415300546,26.05
"9420",2004.7868852459,28.05
"9421",2004.78961748634,28.95
"9422",2004.79234972678,29.3
"9423",2004.79508196721,26.2
"9424",2004.79781420765,29.1
"9425",2004.80054644809,27.9
"9426",2004.80327868852,26.4
"9427",2004.80601092896,26.85
"9428",2004.8087431694,25.9
"9429",2004.81147540984,25.2
"9430",2004.81420765027,26.2
"9431",2004.81693989071,28.9
"9432",2004.81967213115,29.7
"9433",2004.82240437158,27.2
"9434",2004.82513661202,26.7
"9435",2004.82786885246,28.15
"9436",2004.8306010929,27.35
"9437",2004.83333333333,25.45
"9438",2004.83606557377,24.65
"9439",2004.83879781421,23.75
"9440",2004.84153005464,26.85
"9441",2004.84426229508,24.15
"9442",2004.84699453552,24.25
"9443",2004.84972677596,24.15
"9444",2004.85245901639,24.1
"9445",2004.85519125683,26.9
"9446",2004.85792349727,28.4
"9447",2004.8606557377,28.95
"9448",2004.86338797814,30.35
"9449",2004.86612021858,26.45
"9450",2004.86885245902,27.3
"9451",2004.87158469945,28.25
"9452",2004.87431693989,27.35
"9453",2004.87704918033,27.1
"9454",2004.87978142077,24.9
"9455",2004.8825136612,24.7
"9456",2004.88524590164,26.2
"9457",2004.88797814208,25.3
"9458",2004.89071038251,26.8
"9459",2004.89344262295,27.95
"9460",2004.89617486339,27.75
"9461",2004.89890710383,26.95
"9462",2004.90163934426,25.4
"9463",2004.9043715847,26.75
"9464",2004.90710382514,26.65
"9465",2004.90983606557,29.15
"9466",2004.91256830601,24.2
"9467",2004.91530054645,27.45
"9468",2004.91803278689,25.1
"9469",2004.92076502732,25.3
"9470",2004.92349726776,27.25
"9471",2004.9262295082,25.55
"9472",2004.92896174863,24.95
"9473",2004.93169398907,28.05
"9474",2004.93442622951,27.9
"9475",2004.93715846995,28.05
"9476",2004.93989071038,25.65
"9477",2004.94262295082,26.35
"9478",2004.94535519126,26.8
"9479",2004.94808743169,25.4
"9480",2004.95081967213,24.95
"9481",2004.95355191257,25.15
"9482",2004.95628415301,26.35
"9483",2004.95901639344,27.05
"9484",2004.96174863388,27.35
"9485",2004.96448087432,28.15
"9486",2004.96721311475,26.55
"9487",2004.96994535519,26.95
"9488",2004.97267759563,26.4
"9489",2004.97540983607,27.2
"9490",2004.9781420765,27.8
"9491",2004.98087431694,29
"9492",2004.98360655738,27.6
"9493",2004.98633879781,26.4
"9494",2004.98907103825,26.55
"9495",2004.99180327869,24.75
"9496",2004.99453551913,26.95
"9497",2004.99726775956,27.75
"9498",2005,28.65
"9499",2005.00273972603,26.95
"9500",2005.00547945205,26.4
"9501",2005.00821917808,25.45
"9502",2005.01095890411,27.4
"9503",2005.01369863014,24.75
"9504",2005.01643835616,25.7
"9505",2005.01917808219,23.6
"9506",2005.02191780822,26.45
"9507",2005.02465753425,26.5
"9508",2005.02739726027,27.7
"9509",2005.0301369863,28.45
"9510",2005.03287671233,27.2
"9511",2005.03561643836,27.75
"9512",2005.03835616438,29.1
"9513",2005.04109589041,29.55
"9514",2005.04383561644,29.15
"9515",2005.04657534247,29.1
"9516",2005.04931506849,27.4
"9517",2005.05205479452,28.25
"9518",2005.05479452055,27.35
"9519",2005.05753424658,27.35
"9520",2005.0602739726,27.15
"9521",2005.06301369863,29.1
"9522",2005.06575342466,28.4
"9523",2005.06849315068,29.1
"9524",2005.07123287671,27.3
"9525",2005.07397260274,27.1
"9526",2005.07671232877,27.65
"9527",2005.07945205479,25.4
"9528",2005.08219178082,28.8
"9529",2005.08493150685,26.8
"9530",2005.08767123288,23.15
"9531",2005.0904109589,22.9
"9532",2005.09315068493,23.45
"9533",2005.09589041096,24.6
"9534",2005.09863013699,24.2
"9535",2005.10136986301,26.7
"9536",2005.10410958904,26.35
"9537",2005.10684931507,26.6
"9538",2005.1095890411,26.4
"9539",2005.11232876712,25
"9540",2005.11506849315,24.35
"9541",2005.11780821918,26.3
"9542",2005.12054794521,27.1
"9543",2005.12328767123,25.95
"9544",2005.12602739726,27.05
"9545",2005.12876712329,27.5
"9546",2005.13150684931,25.6
"9547",2005.13424657534,24.65
"9548",2005.13698630137,25.75
"9549",2005.1397260274,26.45
"9550",2005.14246575342,27.35
"9551",2005.14520547945,26.5
"9552",2005.14794520548,28.25
"9553",2005.15068493151,23.7
"9554",2005.15342465753,25.85
"9555",2005.15616438356,24.7
"9556",2005.15890410959,27.35
"9557",2005.16164383562,27.55
"9558",2005.16438356164,27.1
"9559",2005.16712328767,25.5
"9560",2005.1698630137,25.55
"9561",2005.17260273973,24.45
"9562",2005.17534246575,24.65
"9563",2005.17808219178,23.95
"9564",2005.18082191781,26.5
"9565",2005.18356164384,25.25
"9566",2005.18630136986,26.2
"9567",2005.18904109589,23.45
"9568",2005.19178082192,24.25
"9569",2005.19452054795,26.45
"9570",2005.19726027397,26.6
"9571",2005.2,26.7
"9572",2005.20273972603,25.25
"9573",2005.20547945205,27.7
"9574",2005.20821917808,27.25
"9575",2005.21095890411,26.55
"9576",2005.21369863014,27.2
"9577",2005.21643835616,26.1
"9578",2005.21917808219,28.7
"9579",2005.22191780822,24.4
"9580",2005.22465753425,23.55
"9581",2005.22739726027,26.9
"9582",2005.2301369863,23.9
"9583",2005.23287671233,25.75
"9584",2005.23561643836,24.85
"9585",2005.23835616438,27.15
"9586",2005.24109589041,26.65
"9587",2005.24383561644,25
"9588",2005.24657534247,24.5
"9589",2005.24931506849,26.45
"9590",2005.25205479452,26.4
"9591",2005.25479452055,24.8
"9592",2005.25753424658,24.85
"9593",2005.2602739726,24.2
"9594",2005.26301369863,24.95
"9595",2005.26575342466,25.2
"9596",2005.26849315068,25.9
"9597",2005.27123287671,26.45
"9598",2005.27397260274,25.65
"9599",2005.27671232877,27.05
"9600",2005.27945205479,25.8
"9601",2005.28219178082,24.85
"9602",2005.28493150685,25.35
"9603",2005.28767123288,24.8
"9604",2005.2904109589,23.1
"9605",2005.29315068493,24.35
"9606",2005.29589041096,25.55
"9607",2005.29863013699,24.5
"9608",2005.30136986301,24.65
"9609",2005.30410958904,26.3
"9610",2005.30684931507,25.35
"9611",2005.3095890411,27.05
"9612",2005.31232876712,26.6
"9613",2005.31506849315,25.45
"9614",2005.31780821918,23.75
"9615",2005.32054794521,24.35
"9616",2005.32328767123,25.9
"9617",2005.32602739726,26.25
"9618",2005.32876712329,24.9
"9619",2005.33150684932,26.4
"9620",2005.33424657534,27.1
"9621",2005.33698630137,26.95
"9622",2005.3397260274,26.4
"9623",2005.34246575342,28.25
"9624",2005.34520547945,26.35
"9625",2005.34794520548,25.65
"9626",2005.35068493151,25.3
"9627",2005.35342465753,25.35
"9628",2005.35616438356,23.55
"9629",2005.35890410959,24.9
"9630",2005.36164383562,24.7
"9631",2005.36438356164,25.75
"9632",2005.36712328767,26.1
"9633",2005.3698630137,26
"9634",2005.37260273973,27.05
"9635",2005.37534246575,28.55
"9636",2005.37808219178,27.7
"9637",2005.38082191781,28.3
"9638",2005.38356164384,28.35
"9639",2005.38630136986,25.45
"9640",2005.38904109589,26.85
"9641",2005.39178082192,27.95
"9642",2005.39452054795,28.05
"9643",2005.39726027397,25.5
"9644",2005.4,25.55
"9645",2005.40273972603,26
"9646",2005.40547945205,25.6
"9647",2005.40821917808,25.65
"9648",2005.41095890411,25.25
"9649",2005.41369863014,23.2
"9650",2005.41643835616,24.7
"9651",2005.41917808219,25.95
"9652",2005.42191780822,25.05
"9653",2005.42465753425,26.6
"9654",2005.42739726027,26.6
"9655",2005.4301369863,25.75
"9656",2005.43287671233,25.2
"9657",2005.43561643836,24.5
"9658",2005.43835616438,25.7
"9659",2005.44109589041,24.65
"9660",2005.44383561644,25.95
"9661",2005.44657534247,26.55
"9662",2005.44931506849,26.15
"9663",2005.45205479452,27.5
"9664",2005.45479452055,25.85
"9665",2005.45753424658,24.4
"9666",2005.4602739726,24.3
"9667",2005.46301369863,26.85
"9668",2005.46575342466,26.3
"9669",2005.46849315068,26.75
"9670",2005.47123287671,25.65
"9671",2005.47397260274,24.3
"9672",2005.47671232877,23.5
"9673",2005.47945205479,24.35
"9674",2005.48219178082,25.85
"9675",2005.48493150685,27
"9676",2005.48767123288,26.55
"9677",2005.4904109589,25.35
"9678",2005.49315068493,24.8
"9679",2005.49589041096,26.6
"9680",2005.49863013699,27.05
"9681",2005.50136986301,26.2
"9682",2005.50410958904,27.35
"9683",2005.50684931507,28.35
"9684",2005.5095890411,25.5
"9685",2005.51232876712,24.9
"9686",2005.51506849315,22.65
"9687",2005.51780821918,22.85
"9688",2005.52054794521,23.8
"9689",2005.52328767123,23.05
"9690",2005.52602739726,23.55
"9691",2005.52876712329,23.75
"9692",2005.53150684932,26.15
"9693",2005.53424657534,27.05
"9694",2005.53698630137,26.7
"9695",2005.5397260274,26.95
"9696",2005.54246575342,26.3
"9697",2005.54520547945,23.4
"9698",2005.54794520548,25.2
"9699",2005.55068493151,25.65
"9700",2005.55342465753,24.7
"9701",2005.55616438356,25.05
"9702",2005.55890410959,24.55
"9703",2005.56164383562,25.5
"9704",2005.56438356164,24.4
"9705",2005.56712328767,26.3
"9706",2005.5698630137,26.55
"9707",2005.57260273973,27.5
"9708",2005.57534246575,27.05
"9709",2005.57808219178,27.9
"9710",2005.58082191781,26.35
"9711",2005.58356164384,25.65
"9712",2005.58630136986,27.9
"9713",2005.58904109589,26.4
"9714",2005.59178082192,28
"9715",2005.59452054795,29
"9716",2005.59726027397,25.5
"9717",2005.6,27.85
"9718",2005.60273972603,26.05
"9719",2005.60547945205,26.8
"9720",2005.60821917808,25.1
"9721",2005.61095890411,26.65
"9722",2005.61369863014,29.3
"9723",2005.61643835616,28.55
"9724",2005.61917808219,28.5
"9725",2005.62191780822,26.65
"9726",2005.62465753425,28
"9727",2005.62739726027,24.5
"9728",2005.6301369863,25.6
"9729",2005.63287671233,25.5
"9730",2005.63561643836,27.3
"9731",2005.63835616438,28.15
"9732",2005.64109589041,27.45
"9733",2005.64383561644,27.9
"9734",2005.64657534247,23.1
"9735",2005.64931506849,25.6
"9736",2005.65205479452,26.5
"9737",2005.65479452055,25.05
"9738",2005.65753424658,27.95
"9739",2005.6602739726,28.6
"9740",2005.66301369863,28.3
"9741",2005.66575342466,27.75
"9742",2005.66849315068,27.1
"9743",2005.67123287671,27.9
"9744",2005.67397260274,27.8
"9745",2005.67671232877,29
"9746",2005.67945205479,27.1
"9747",2005.68219178082,26.95
"9748",2005.68493150685,25.9
"9749",2005.68767123288,27.45
"9750",2005.6904109589,26
"9751",2005.69315068493,27.25
"9752",2005.69589041096,25.95
"9753",2005.69863013699,25.35
"9754",2005.70136986301,21.5
"9755",2005.70410958904,26.4
"9756",2005.70684931507,27.7
"9757",2005.7095890411,28.1
"9758",2005.71232876712,28.95
"9759",2005.71506849315,28.3
"9760",2005.71780821918,29.7
"9761",2005.72054794521,30
"9762",2005.72328767123,29.9
"9763",2005.72602739726,28.85
"9764",2005.72876712329,28.15
"9765",2005.73150684932,30.15
"9766",2005.73424657534,31.7
"9767",2005.73698630137,25.35
"9768",2005.7397260274,25.2
"9769",2005.74246575342,26.45
"9770",2005.74520547945,29.55
"9771",2005.74794520548,28.45
"9772",2005.75068493151,24.45
"9773",2005.75342465753,30.25
"9774",2005.75616438356,31.25
"9775",2005.75890410959,30.3
"9776",2005.76164383562,26.05
"9777",2005.76438356164,26.15
"9778",2005.76712328767,29.9
"9779",2005.7698630137,26.7
"9780",2005.77260273973,23.6
"9781",2005.77534246575,28.05
"9782",2005.77808219178,28.3
"9783",2005.78082191781,29.7
"9784",2005.78356164384,27.55
"9785",2005.78630136986,27.85
"9786",2005.78904109589,28.95
"9787",2005.79178082192,25.9
"9788",2005.79452054795,25.85
"9789",2005.79726027397,26
"9790",2005.8,22.6
"9791",2005.80273972603,25.9
"9792",2005.80547945205,27.9
"9793",2005.80821917808,25.75
"9794",2005.81095890411,28.1
"9795",2005.81369863014,27.15
"9796",2005.81643835616,29.05
"9797",2005.81917808219,28.1
"9798",2005.82191780822,29
"9799",2005.82465753425,29.4
"9800",2005.82739726027,27.35
"9801",2005.8301369863,28.25
"9802",2005.83287671233,25.5
"9803",2005.83561643836,25.05
"9804",2005.83835616438,26.1
"9805",2005.84109589041,26.9
"9806",2005.84383561644,28.85
"9807",2005.84657534247,27.85
"9808",2005.84931506849,28.25
"9809",2005.85205479452,28.2
"9810",2005.85479452055,25.4
"9811",2005.85753424658,27.55
"9812",2005.8602739726,27.95
"9813",2005.86301369863,27.8
"9814",2005.86575342466,25.3
"9815",2005.86849315069,26.4
"9816",2005.87123287671,29
"9817",2005.87397260274,26.7
"9818",2005.87671232877,28.4
"9819",2005.87945205479,27.15
"9820",2005.88219178082,26.5
"9821",2005.88493150685,28.55
"9822",2005.88767123288,26.05
"9823",2005.8904109589,25.15
"9824",2005.89315068493,26.8
"9825",2005.89589041096,27.95
"9826",2005.89863013699,27.05
"9827",2005.90136986301,27.35
"9828",2005.90410958904,28.5
"9829",2005.90684931507,28.3
"9830",2005.9095890411,29.1
"9831",2005.91232876712,29.35
"9832",2005.91506849315,28.6
"9833",2005.91780821918,27.7
"9834",2005.92054794521,27.6
"9835",2005.92328767123,25.45
"9836",2005.92602739726,25.1
"9837",2005.92876712329,26.15
"9838",2005.93150684932,26.55
"9839",2005.93424657534,26.5
"9840",2005.93698630137,28.3
"9841",2005.9397260274,27.8
"9842",2005.94246575342,27.05
"9843",2005.94520547945,27.4
"9844",2005.94794520548,27.5
"9845",2005.95068493151,26.25
"9846",2005.95342465753,26.5
"9847",2005.95616438356,26.95
"9848",2005.95890410959,27.2
"9849",2005.96164383562,25.7
"9850",2005.96438356164,23.45
"9851",2005.96712328767,24.95
"9852",2005.9698630137,22.45
"9853",2005.97260273973,25.7
"9854",2005.97534246575,26.6
"9855",2005.97808219178,24.65
"9856",2005.98082191781,22.4
"9857",2005.98356164384,21.6
"9858",2005.98630136986,22.2
"9859",2005.98904109589,26.05
"9860",2005.99178082192,27
"9861",2005.99452054795,27.25
"9862",2005.99726027397,28
"9863",2006,27.6
"9864",2006.00273972603,27.35
"9865",2006.00547945205,28.2
"9866",2006.00821917808,27.3
"9867",2006.01095890411,28.35
"9868",2006.01369863014,26.4
"9869",2006.01643835616,28.05
"9870",2006.01917808219,25.65
"9871",2006.02191780822,26.1
"9872",2006.02465753425,26.6
"9873",2006.02739726027,28.7
"9874",2006.0301369863,28.1
"9875",2006.03287671233,27.05
"9876",2006.03561643836,26.9
"9877",2006.03835616438,25.4
"9878",2006.04109589041,26
"9879",2006.04383561644,24.15
"9880",2006.04657534247,25.75
"9881",2006.04931506849,25.95
"9882",2006.05205479452,26.9
"9883",2006.05479452055,27.3
"9884",2006.05753424658,23.35
"9885",2006.0602739726,22.6
"9886",2006.06301369863,22.95
"9887",2006.06575342466,25.1
"9888",2006.06849315068,25.45
"9889",2006.07123287671,24.9
"9890",2006.07397260274,25.8
"9891",2006.07671232877,26.25
"9892",2006.07945205479,25.05
"9893",2006.08219178082,26.8
"9894",2006.08493150685,25.2
"9895",2006.08767123288,24.8
"9896",2006.0904109589,25.25
"9897",2006.09315068493,24.9
"9898",2006.09589041096,26.55
"9899",2006.09863013699,23.1
"9900",2006.10136986301,23.05
"9901",2006.10410958904,25.45
"9902",2006.10684931507,26.5
"9903",2006.1095890411,25.6
"9904",2006.11232876712,23.95
"9905",2006.11506849315,24.45
"9906",2006.11780821918,25.95
"9907",2006.12054794521,28.4
"9908",2006.12328767123,27.95
"9909",2006.12602739726,27
"9910",2006.12876712329,27.3
"9911",2006.13150684931,29.25
"9912",2006.13424657534,26.8
"9913",2006.13698630137,26.7
"9914",2006.1397260274,26.7
"9915",2006.14246575342,27.05
"9916",2006.14520547945,27.85
"9917",2006.14794520548,27.35
"9918",2006.15068493151,25.5
"9919",2006.15342465753,24.6
"9920",2006.15616438356,28
"9921",2006.15890410959,26.15
"9922",2006.16164383562,25.9
"9923",2006.16438356164,26.7
"9924",2006.16712328767,27
"9925",2006.1698630137,25.25
"9926",2006.17260273973,24.6
"9927",2006.17534246575,26.1
"9928",2006.17808219178,24.9
"9929",2006.18082191781,27.1
"9930",2006.18356164384,27.2
"9931",2006.18630136986,25.8
"9932",2006.18904109589,24.6
"9933",2006.19178082192,24.5
"9934",2006.19452054795,26.9
"9935",2006.19726027397,27.3
"9936",2006.2,27.3
"9937",2006.20273972603,25.4
"9938",2006.20547945205,26.25
"9939",2006.20821917808,25.2
"9940",2006.21095890411,24.05
"9941",2006.21369863014,23.95
"9942",2006.21643835616,26.2
"9943",2006.21917808219,24.45
"9944",2006.22191780822,25.85
"9945",2006.22465753425,26.7
"9946",2006.22739726027,27.1
"9947",2006.2301369863,27.05
"9948",2006.23287671233,25.25
"9949",2006.23561643836,23.05
"9950",2006.23835616438,26.75
"9951",2006.24109589041,26.7
"9952",2006.24383561644,26.3
"9953",2006.24657534247,24.6
"9954",2006.24931506849,28
"9955",2006.25205479452,28.65
"9956",2006.25479452055,26.4
"9957",2006.25753424658,26.35
"9958",2006.2602739726,26.5
"9959",2006.26301369863,25.45
"9960",2006.26575342466,24.7
"9961",2006.26849315068,24.2
"9962",2006.27123287671,26.05
"9963",2006.27397260274,28.3
"9964",2006.27671232877,26.4
"9965",2006.27945205479,26.25
"9966",2006.28219178082,25.55
"9967",2006.28493150685,24.7
"9968",2006.28767123288,25.15
"9969",2006.2904109589,25.85
"9970",2006.29315068493,22.15
"9971",2006.29589041096,23.4
"9972",2006.29863013699,25.35
"9973",2006.30136986301,26.85
"9974",2006.30410958904,25.7
"9975",2006.30684931507,24.55
"9976",2006.3095890411,23.9
"9977",2006.31232876712,26.55
"9978",2006.31506849315,25.9
"9979",2006.31780821918,25.1
"9980",2006.32054794521,26
"9981",2006.32328767123,27.95
"9982",2006.32602739726,25.15
"9983",2006.32876712329,24.45
"9984",2006.33150684932,26.4
"9985",2006.33424657534,22.05
"9986",2006.33698630137,20.5
"9987",2006.3397260274,23.75
"9988",2006.34246575342,26.3
"9989",2006.34520547945,25.55
"9990",2006.34794520548,26.3
"9991",2006.35068493151,24.05
"9992",2006.35342465753,22.65
"9993",2006.35616438356,22.8
"9994",2006.35890410959,22.65
"9995",2006.36164383562,24.65
"9996",2006.36438356164,24.95
"9997",2006.36712328767,24.6
"9998",2006.3698630137,24.95
"9999",2006.37260273973,25.85
"10000",2006.37534246575,27.65
"10001",2006.37808219178,25.95
"10002",2006.38082191781,25.05
"10003",2006.38356164384,26.75
"10004",2006.38630136986,25.55
"10005",2006.38904109589,23.7
"10006",2006.39178082192,22.4
"10007",2006.39452054795,23.15
"10008",2006.39726027397,24.9
"10009",2006.4,25.8
"10010",2006.40273972603,24.4
"10011",2006.40547945205,23.8
"10012",2006.40821917808,23.65
"10013",2006.41095890411,25.1
"10014",2006.41369863014,26.75
"10015",2006.41643835616,24.2
"10016",2006.41917808219,25.15
"10017",2006.42191780822,26.6
"10018",2006.42465753425,26.45
"10019",2006.42739726027,25.6
"10020",2006.4301369863,22.95
"10021",2006.43287671233,25.6
"10022",2006.43561643836,26.25
"10023",2006.43835616438,26.3
"10024",2006.44109589041,24.9
"10025",2006.44383561644,23.3
"10026",2006.44657534247,24
"10027",2006.44931506849,23.95
"10028",2006.45205479452,25.25
"10029",2006.45479452055,24.75
"10030",2006.45753424658,25.95
"10031",2006.4602739726,26.7
"10032",2006.46301369863,23.2
"10033",2006.46575342466,25.15
"10034",2006.46849315068,22.65
"10035",2006.47123287671,23.85
"10036",2006.47397260274,24.8
"10037",2006.47671232877,24
"10038",2006.47945205479,25.05
"10039",2006.48219178082,25.75
"10040",2006.48493150685,23.8
"10041",2006.48767123288,26.45
"10042",2006.4904109589,23.65
"10043",2006.49315068493,25.05
"10044",2006.49589041096,25.65
"10045",2006.49863013699,23.85
"10046",2006.50136986301,24.9
"10047",2006.50410958904,24.85
"10048",2006.50684931507,25.45
"10049",2006.5095890411,25.55
"10050",2006.51232876712,25.7
"10051",2006.51506849315,25.7
"10052",2006.51780821918,26.25
"10053",2006.52054794521,26.45
"10054",2006.52328767123,27.8
"10055",2006.52602739726,26.85
"10056",2006.52876712329,25.7
"10057",2006.53150684932,25.5
"10058",2006.53424657534,25.2
"10059",2006.53698630137,24.95
"10060",2006.5397260274,25.55
"10061",2006.54246575342,23.75
"10062",2006.54520547945,24.65
"10063",2006.54794520548,26.8
"10064",2006.55068493151,24.5
"10065",2006.55342465753,27.2
"10066",2006.55616438356,26.05
"10067",2006.55890410959,26.2
"10068",2006.56164383562,25.95
"10069",2006.56438356164,27.4
"10070",2006.56712328767,25.6
"10071",2006.5698630137,27.4
"10072",2006.57260273973,26.15
"10073",2006.57534246575,28.1
"10074",2006.57808219178,22.75
"10075",2006.58082191781,25.85
"10076",2006.58356164384,25.95
"10077",2006.58630136986,24.75
"10078",2006.58904109589,24.8
"10079",2006.59178082192,28.35
"10080",2006.59452054795,26.65
"10081",2006.59726027397,28.2
"10082",2006.6,27.2
"10083",2006.60273972603,27.7
"10084",2006.60547945205,28.6
"10085",2006.60821917808,25.95
"10086",2006.61095890411,27.8
"10087",2006.61369863014,28.75
"10088",2006.61643835616,26.4
"10089",2006.61917808219,27.45
"10090",2006.62191780822,29
"10091",2006.62465753425,25.5
"10092",2006.62739726027,27
"10093",2006.6301369863,25.95
"10094",2006.63287671233,25.3
"10095",2006.63561643836,25.9
"10096",2006.63835616438,25.3
"10097",2006.64109589041,27.35
"10098",2006.64383561644,27.45
"10099",2006.64657534247,29.35
"10100",2006.64931506849,26.9
"10101",2006.65205479452,24.35
"10102",2006.65479452055,26.55
"10103",2006.65753424658,25.5
"10104",2006.6602739726,28.3
"10105",2006.66301369863,25.45
"10106",2006.66575342466,27.15
"10107",2006.66849315068,26.6
"10108",2006.67123287671,28.45
"10109",2006.67397260274,28.95
"10110",2006.67671232877,25.4
"10111",2006.67945205479,26.05
"10112",2006.68219178082,26.45
"10113",2006.68493150685,28.25
"10114",2006.68767123288,28.7
"10115",2006.6904109589,22.7
"10116",2006.69315068493,24.55
"10117",2006.69589041096,27.45
"10118",2006.69863013699,26.8
"10119",2006.70136986301,27.6
"10120",2006.70410958904,29.5
"10121",2006.70684931507,28.15
"10122",2006.7095890411,28.7
"10123",2006.71232876712,25.75
"10124",2006.71506849315,27.95
"10125",2006.71780821918,28.2
"10126",2006.72054794521,27.45
"10127",2006.72328767123,28.45
"10128",2006.72602739726,28.2
"10129",2006.72876712329,28.9
"10130",2006.73150684932,23.6
"10131",2006.73424657534,26.45
"10132",2006.73698630137,28.8
"10133",2006.7397260274,27.65
"10134",2006.74246575342,28
"10135",2006.74520547945,26.3
"10136",2006.74794520548,27.25
"10137",2006.75068493151,26.55
"10138",2006.75342465753,27.6
"10139",2006.75616438356,28.25
"10140",2006.75890410959,28.7
"10141",2006.76164383562,26.3
"10142",2006.76438356164,26.85
"10143",2006.76712328767,29.5
"10144",2006.7698630137,27.95
"10145",2006.77260273973,28.6
"10146",2006.77534246575,28.2
"10147",2006.77808219178,28.55
"10148",2006.78082191781,29.5
"10149",2006.78356164384,26.15
"10150",2006.78630136986,27.05
"10151",2006.78904109589,27
"10152",2006.79178082192,27.4
"10153",2006.79452054795,27.5
"10154",2006.79726027397,28.7
"10155",2006.8,28
"10156",2006.80273972603,27.7
"10157",2006.80547945205,24.65
"10158",2006.80821917808,26.9
"10159",2006.81095890411,29
"10160",2006.81369863014,29.85
"10161",2006.81643835616,28.4
"10162",2006.81917808219,27.55
"10163",2006.82191780822,30.15
"10164",2006.82465753425,28.6
"10165",2006.82739726027,27.55
"10166",2006.8301369863,27.05
"10167",2006.83287671233,26.85
"10168",2006.83561643836,28.15
"10169",2006.83835616438,29.3
"10170",2006.84109589041,27.95
"10171",2006.84383561644,27.9
"10172",2006.84657534247,27.15
"10173",2006.84931506849,26.55
"10174",2006.85205479452,25.65
"10175",2006.85479452055,26.55
"10176",2006.85753424658,25.85
"10177",2006.8602739726,22.9
"10178",2006.86301369863,23.65
"10179",2006.86575342466,25.85
"10180",2006.86849315069,27.2
"10181",2006.87123287671,28.7
"10182",2006.87397260274,24.65
"10183",2006.87671232877,26.05
"10184",2006.87945205479,26.35
"10185",2006.88219178082,27.35
"10186",2006.88493150685,24.55
"10187",2006.88767123288,27.2
"10188",2006.8904109589,28.05
"10189",2006.89315068493,29.3
"10190",2006.89589041096,28.05
"10191",2006.89863013699,27.85
"10192",2006.90136986301,26.15
"10193",2006.90410958904,27.9
"10194",2006.90684931507,26.45
"10195",2006.9095890411,27.1
"10196",2006.91232876712,25.75
"10197",2006.91506849315,25.85
"10198",2006.91780821918,26.55
"10199",2006.92054794521,24.7
"10200",2006.92328767123,25.95
"10201",2006.92602739726,25.35
"10202",2006.92876712329,24.6
"10203",2006.93150684932,25.25
"10204",2006.93424657534,25.4
"10205",2006.93698630137,27.05
"10206",2006.9397260274,27.5
"10207",2006.94246575342,26.3
"10208",2006.94520547945,25.95
"10209",2006.94794520548,25.85
"10210",2006.95068493151,23.15
"10211",2006.95342465753,25.25
"10212",2006.95616438356,27.15
"10213",2006.95890410959,27.85
"10214",2006.96164383562,25.65
"10215",2006.96438356164,26.55
"10216",2006.96712328767,26.85
"10217",2006.9698630137,25.55
"10218",2006.97260273973,27.1
"10219",2006.97534246575,24.35
"10220",2006.97808219178,26.65
"10221",2006.98082191781,27.95
"10222",2006.98356164384,24.55
"10223",2006.98630136986,27.65
"10224",2006.98904109589,25.35
"10225",2006.99178082192,24.3
"10226",2006.99452054795,26.45
"10227",2006.99726027397,26.7
"10228",2007,24.3
"10229",2007.00273972603,25.05
"10230",2007.00547945205,25.05
"10231",2007.00821917808,25.55
"10232",2007.01095890411,26.45
"10233",2007.01369863014,23.9
"10234",2007.01643835616,25.85
"10235",2007.01917808219,26.15
"10236",2007.02191780822,23.2
"10237",2007.02465753425,25.15
"10238",2007.02739726027,26.15
"10239",2007.0301369863,23.8
"10240",2007.03287671233,25.75
"10241",2007.03561643836,25.85
"10242",2007.03835616438,27.1
"10243",2007.04109589041,25.5
"10244",2007.04383561644,23.95
"10245",2007.04657534247,26
"10246",2007.04931506849,26.1
"10247",2007.05205479452,26.2
"10248",2007.05479452055,24.1
"10249",2007.05753424658,25.25
"10250",2007.0602739726,25.55
"10251",2007.06301369863,25.65
"10252",2007.06575342466,27
"10253",2007.06849315068,25.65
"10254",2007.07123287671,26
"10255",2007.07397260274,27.5
"10256",2007.07671232877,27.9
"10257",2007.07945205479,29.1
"10258",2007.08219178082,26.25
"10259",2007.08493150685,27.95
"10260",2007.08767123288,24.75
"10261",2007.0904109589,25.45
"10262",2007.09315068493,26.1
"10263",2007.09589041096,26.15
"10264",2007.09863013699,27.7
"10265",2007.10136986301,26.8
"10266",2007.10410958904,27.45
"10267",2007.10684931507,28.55
"10268",2007.1095890411,26.6
"10269",2007.11232876712,26.85
"10270",2007.11506849315,26
"10271",2007.11780821918,28.65
"10272",2007.12054794521,28.15
"10273",2007.12328767123,29.35
"10274",2007.12602739726,28.9
"10275",2007.12876712329,29.8
"10276",2007.13150684931,30.25
"10277",2007.13424657534,28.1
"10278",2007.13698630137,28.35
"10279",2007.1397260274,27
"10280",2007.14246575342,29.5
"10281",2007.14520547945,28.6
"10282",2007.14794520548,27.75
"10283",2007.15068493151,26.55
"10284",2007.15342465753,24.65
"10285",2007.15616438356,26.05
"10286",2007.15890410959,26.55
"10287",2007.16164383562,27.45
"10288",2007.16438356164,25.25
"10289",2007.16712328767,25.35
"10290",2007.1698630137,25.3
"10291",2007.17260273973,23
"10292",2007.17534246575,22.75
"10293",2007.17808219178,25.65
"10294",2007.18082191781,24.4
"10295",2007.18356164384,25
"10296",2007.18630136986,24.8
"10297",2007.18904109589,25.65
"10298",2007.19178082192,26.4
"10299",2007.19452054795,26.45
"10300",2007.19726027397,27
"10301",2007.2,25.15
"10302",2007.20273972603,25.8
"10303",2007.20547945205,25.6
"10304",2007.20821917808,26.55
"10305",2007.21095890411,22.5
"10306",2007.21369863014,24.2
"10307",2007.21643835616,26
"10308",2007.21917808219,28.15
"10309",2007.22191780822,24.85
"10310",2007.22465753425,25.2
"10311",2007.22739726027,26.2
"10312",2007.2301369863,27.4
"10313",2007.23287671233,27.35
"10314",2007.23561643836,24.65
"10315",2007.23835616438,26
"10316",2007.24109589041,24.35
"10317",2007.24383561644,25.6
"10318",2007.24657534247,26.7
"10319",2007.24931506849,24.95
"10320",2007.25205479452,25
"10321",2007.25479452055,25.1
"10322",2007.25753424658,26.85
"10323",2007.2602739726,25.75
"10324",2007.26301369863,26.9
"10325",2007.26575342466,24.85
"10326",2007.26849315068,23.65
"10327",2007.27123287671,23.3
"10328",2007.27397260274,25.4
"10329",2007.27671232877,25.25
"10330",2007.27945205479,23.6
"10331",2007.28219178082,25.05
"10332",2007.28493150685,26.85
"10333",2007.28767123288,25.15
"10334",2007.2904109589,24
"10335",2007.29315068493,26.15
"10336",2007.29589041096,25.4
"10337",2007.29863013699,25.65
"10338",2007.30136986301,25.25
"10339",2007.30410958904,24.7
"10340",2007.30684931507,24.75
"10341",2007.3095890411,26.35
"10342",2007.31232876712,25.35
"10343",2007.31506849315,24.7
"10344",2007.31780821918,25.15
"10345",2007.32054794521,23.4
"10346",2007.32328767123,23.5
"10347",2007.32602739726,26
"10348",2007.32876712329,26.9
"10349",2007.33150684932,22.3
"10350",2007.33424657534,22.2
"10351",2007.33698630137,24.1
"10352",2007.3397260274,27.7
"10353",2007.34246575342,25.4
"10354",2007.34520547945,26.9
"10355",2007.34794520548,25.6
"10356",2007.35068493151,24.1
"10357",2007.35342465753,20.85
"10358",2007.35616438356,22.1
"10359",2007.35890410959,22.05
"10360",2007.36164383562,23
"10361",2007.36438356164,25.75
"10362",2007.36712328767,26.3
"10363",2007.3698630137,27.9
"10364",2007.37260273973,23.75
"10365",2007.37534246575,24.25
"10366",2007.37808219178,24.1
"10367",2007.38082191781,27.05
"10368",2007.38356164384,25.55
"10369",2007.38630136986,26.45
"10370",2007.38904109589,24.95
"10371",2007.39178082192,25.45
"10372",2007.39452054795,19.7
"10373",2007.39726027397,21.65
"10374",2007.4,25.55
"10375",2007.40273972603,24.5
"10376",2007.40547945205,25.5
"10377",2007.40821917808,24.3
"10378",2007.41095890411,24.35
"10379",2007.41369863014,25.75
"10380",2007.41643835616,25.3
"10381",2007.41917808219,25.65
"10382",2007.42191780822,24.8
"10383",2007.42465753425,25.6
"10384",2007.42739726027,25.4
"10385",2007.4301369863,24.6
"10386",2007.43287671233,24.8
"10387",2007.43561643836,24.4
"10388",2007.43835616438,26.05
"10389",2007.44109589041,24.3
"10390",2007.44383561644,24.8
"10391",2007.44657534247,24.1
"10392",2007.44931506849,22.15
"10393",2007.45205479452,24.55
"10394",2007.45479452055,24.2
"10395",2007.45753424658,25.75
"10396",2007.4602739726,24.1
"10397",2007.46301369863,25.3
"10398",2007.46575342466,23.85
"10399",2007.46849315068,25.4
"10400",2007.47123287671,25.65
"10401",2007.47397260274,25.1
"10402",2007.47671232877,23.05
"10403",2007.47945205479,25.7
"10404",2007.48219178082,26.4
"10405",2007.48493150685,25.35
"10406",2007.48767123288,24.75
"10407",2007.4904109589,24.95
"10408",2007.49315068493,24
"10409",2007.49589041096,24.55
"10410",2007.49863013699,24.75
"10411",2007.50136986301,25.35
"10412",2007.50410958904,25.85
"10413",2007.50684931507,24.8
"10414",2007.5095890411,26
"10415",2007.51232876712,27.15
"10416",2007.51506849315,26.8
"10417",2007.51780821918,25.05
"10418",2007.52054794521,25.05
"10419",2007.52328767123,23.85
"10420",2007.52602739726,25.6
"10421",2007.52876712329,25.05
"10422",2007.53150684932,22.05
"10423",2007.53424657534,22.45
"10424",2007.53698630137,21.15
"10425",2007.5397260274,23.7
"10426",2007.54246575342,24.45
"10427",2007.54520547945,25.9
"10428",2007.54794520548,26.7
"10429",2007.55068493151,26.75
"10430",2007.55342465753,26.1
"10431",2007.55616438356,27.9
"10432",2007.55890410959,26.5
"10433",2007.56164383562,27.05
"10434",2007.56438356164,24.1
"10435",2007.56712328767,23.15
"10436",2007.5698630137,23.8
"10437",2007.57260273973,24.25
"10438",2007.57534246575,24.65
"10439",2007.57808219178,24.25
"10440",2007.58082191781,25.95
"10441",2007.58356164384,25
"10442",2007.58630136986,27.35
"10443",2007.58904109589,26
"10444",2007.59178082192,27.8
"10445",2007.59452054795,27
"10446",2007.59726027397,26.95
"10447",2007.6,27.85
"10448",2007.60273972603,28.25
"10449",2007.60547945205,24.5
"10450",2007.60821917808,21.35
"10451",2007.61095890411,25.55
"10452",2007.61369863014,26.1
"10453",2007.61643835616,28.25
"10454",2007.61917808219,27.75
"10455",2007.62191780822,28.05
"10456",2007.62465753425,25.6
"10457",2007.62739726027,26.95
"10458",2007.6301369863,28.15
"10459",2007.63287671233,27.9
"10460",2007.63561643836,28.45
"10461",2007.63835616438,28.7
"10462",2007.64109589041,29.7
"10463",2007.64383561644,30.45
"10464",2007.64657534247,27.85
"10465",2007.64931506849,28.9
"10466",2007.65205479452,25.05
"10467",2007.65479452055,25.05
"10468",2007.65753424658,24.75
"10469",2007.6602739726,25
"10470",2007.66301369863,26.1
"10471",2007.66575342466,25.25
"10472",2007.66849315068,24.8
"10473",2007.67123287671,25.5
"10474",2007.67397260274,28.35
"10475",2007.67671232877,26.2
"10476",2007.67945205479,26.95
"10477",2007.68219178082,25.95
"10478",2007.68493150685,28.55
"10479",2007.68767123288,25.75
"10480",2007.6904109589,27.05
"10481",2007.69315068493,26.9
"10482",2007.69589041096,27.95
"10483",2007.69863013699,26.4
"10484",2007.70136986301,28.95
"10485",2007.70410958904,27.2
"10486",2007.70684931507,27.3
"10487",2007.7095890411,28.25
"10488",2007.71232876712,27.95
"10489",2007.71506849315,27.65
"10490",2007.71780821918,27.65
"10491",2007.72054794521,26.5
"10492",2007.72328767123,28.65
"10493",2007.72602739726,29.35
"10494",2007.72876712329,30.2
"10495",2007.73150684932,24.25
"10496",2007.73424657534,27.3
"10497",2007.73698630137,26.65
"10498",2007.7397260274,29.6
"10499",2007.74246575342,27.4
"10500",2007.74520547945,24.15
"10501",2007.74794520548,27.35
"10502",2007.75068493151,28.1
"10503",2007.75342465753,27.55
"10504",2007.75616438356,27.95
"10505",2007.75890410959,29.05
"10506",2007.76164383562,29.25
"10507",2007.76438356164,29.8
"10508",2007.76712328767,25.95
"10509",2007.7698630137,26
"10510",2007.77260273973,27.7
"10511",2007.77534246575,29.4
"10512",2007.77808219178,30.25
"10513",2007.78082191781,28.5
"10514",2007.78356164384,27.15
"10515",2007.78630136986,24.75
"10516",2007.78904109589,24.7
"10517",2007.79178082192,24.65
"10518",2007.79452054795,26.4
"10519",2007.79726027397,24
"10520",2007.8,24.4
"10521",2007.80273972603,25.05
"10522",2007.80547945205,26.1
"10523",2007.80821917808,26.75
"10524",2007.81095890411,26.35
"10525",2007.81369863014,26.6
"10526",2007.81643835616,27.2
"10527",2007.81917808219,27.1
"10528",2007.82191780822,24.75
"10529",2007.82465753425,26.85
"10530",2007.82739726027,25.1
"10531",2007.8301369863,25.85
"10532",2007.83287671233,28.05
"10533",2007.83561643836,29.2
"10534",2007.83835616438,29.05
"10535",2007.84109589041,27.05
"10536",2007.84383561644,27.55
"10537",2007.84657534247,24.6
"10538",2007.84931506849,24.7
"10539",2007.85205479452,24
"10540",2007.85479452055,27.85
"10541",2007.85753424658,27.25
"10542",2007.8602739726,28.45
"10543",2007.86301369863,29.3
"10544",2007.86575342466,24.25
"10545",2007.86849315069,27.5
"10546",2007.87123287671,25.5
"10547",2007.87397260274,24.15
"10548",2007.87671232877,24.15
"10549",2007.87945205479,25.5
"10550",2007.88219178082,25.5
"10551",2007.88493150685,26.65
"10552",2007.88767123288,26.35
"10553",2007.8904109589,25.6
"10554",2007.89315068493,25.15
"10555",2007.89589041096,26.25
"10556",2007.89863013699,27.4
"10557",2007.90136986301,25.85
"10558",2007.90410958904,26.2
"10559",2007.90684931507,25.85
"10560",2007.9095890411,26.6
"10561",2007.91232876712,26.75
"10562",2007.91506849315,25.9
"10563",2007.91780821918,26.6
"10564",2007.92054794521,27.3
"10565",2007.92328767123,25.6
"10566",2007.92602739726,28.35
"10567",2007.92876712329,27.8
"10568",2007.93150684932,26.95
"10569",2007.93424657534,26.4
"10570",2007.93698630137,28.85
"10571",2007.9397260274,25.9
"10572",2007.94246575342,25.95
"10573",2007.94520547945,24.2
"10574",2007.94794520548,22.9
"10575",2007.95068493151,26.8
"10576",2007.95342465753,25.4
"10577",2007.95616438356,24.85
"10578",2007.95890410959,25.55
"10579",2007.96164383562,25.25
"10580",2007.96438356164,25.85
"10581",2007.96712328767,26.45
"10582",2007.9698630137,25.35
"10583",2007.97260273973,24.9
"10584",2007.97534246575,25.05
"10585",2007.97808219178,26.2
"10586",2007.98082191781,27.2
"10587",2007.98356164384,25.45
"10588",2007.98630136986,24.45
"10589",2007.98904109589,24.4
"10590",2007.99178082192,25.2
"10591",2007.99452054795,24.95
"10592",2007.99726027397,23.75
"10593",2008,23.45
"10594",2008.00273224044,24.9
"10595",2008.00546448087,23.65
"10596",2008.00819672131,22.15
"10597",2008.01092896175,22.45
"10598",2008.01366120219,24.55
"10599",2008.01639344262,22.55
"10600",2008.01912568306,25.1
"10601",2008.0218579235,25.7
"10602",2008.02459016393,27.75
"10603",2008.02732240437,27.2
"10604",2008.03005464481,26.65
"10605",2008.03278688525,26.95
"10606",2008.03551912568,24.95
"10607",2008.03825136612,23.15
"10608",2008.04098360656,24.3
"10609",2008.04371584699,26.2
"10610",2008.04644808743,26.35
"10611",2008.04918032787,24.75
"10612",2008.05191256831,24.8
"10613",2008.05464480874,26.8
"10614",2008.05737704918,26.55
"10615",2008.06010928962,26.7
"10616",2008.06284153005,27.1
"10617",2008.06557377049,26
"10618",2008.06830601093,25.8
"10619",2008.07103825137,27.25
"10620",2008.0737704918,28.35
"10621",2008.07650273224,27.95
"10622",2008.07923497268,26.5
"10623",2008.08196721311,28
"10624",2008.08469945355,27.4
"10625",2008.08743169399,28.5
"10626",2008.09016393443,27.8
"10627",2008.09289617486,27.15
"10628",2008.0956284153,26.25
"10629",2008.09836065574,26.3
"10630",2008.10109289617,27.75
"10631",2008.10382513661,26.55
"10632",2008.10655737705,26.9
"10633",2008.10928961749,25.5
"10634",2008.11202185792,22.9
"10635",2008.11475409836,24.3
"10636",2008.1174863388,25.7
"10637",2008.12021857923,23.15
"10638",2008.12295081967,25.95
"10639",2008.12568306011,24.95
"10640",2008.12841530055,26.35
"10641",2008.13114754098,25.8
"10642",2008.13387978142,24.05
"10643",2008.13661202186,24.65
"10644",2008.1393442623,24.7
"10645",2008.14207650273,25.5
"10646",2008.14480874317,25.85
"10647",2008.14754098361,23.2
"10648",2008.15027322404,24.05
"10649",2008.15300546448,24.2
"10650",2008.15573770492,26.8
"10651",2008.15846994536,24.95
"10652",2008.16120218579,27
"10653",2008.16393442623,28.05
"10654",2008.16666666667,27.2
"10655",2008.1693989071,25.1
"10656",2008.17213114754,25.3
"10657",2008.17486338798,25.1
"10658",2008.17759562842,27.2
"10659",2008.18032786885,27.6
"10660",2008.18306010929,26.65
"10661",2008.18579234973,26.8
"10662",2008.18852459016,26.45
"10663",2008.1912568306,26.2
"10664",2008.19398907104,24.2
"10665",2008.19672131148,25.75
"10666",2008.19945355191,26.65
"10667",2008.20218579235,23
"10668",2008.20491803279,24.75
"10669",2008.20765027322,23.35
"10670",2008.21038251366,24
"10671",2008.2131147541,24.8
"10672",2008.21584699454,26.25
"10673",2008.21857923497,25.45
"10674",2008.22131147541,24.05
"10675",2008.22404371585,25.7
"10676",2008.22677595628,23.65
"10677",2008.22950819672,26.15
"10678",2008.23224043716,26.15
"10679",2008.2349726776,26.85
"10680",2008.23770491803,24.85
"10681",2008.24043715847,23.75
"10682",2008.24316939891,25.45
"10683",2008.24590163934,26.65
"10684",2008.24863387978,26.15
"10685",2008.25136612022,27.65
"10686",2008.25409836066,26.4
"10687",2008.25683060109,25.55
"10688",2008.25956284153,22.55
"10689",2008.26229508197,26.3
"10690",2008.2650273224,25.65
"10691",2008.26775956284,24.5
"10692",2008.27049180328,26.1
"10693",2008.27322404372,24
"10694",2008.27595628415,27
"10695",2008.27868852459,25.3
"10696",2008.28142076503,26.2
"10697",2008.28415300546,25.5
"10698",2008.2868852459,25.05
"10699",2008.28961748634,24.25
"10700",2008.29234972678,23.65
"10701",2008.29508196721,23.8
"10702",2008.29781420765,24.45
"10703",2008.30054644809,23.6
"10704",2008.30327868852,25.05
"10705",2008.30601092896,26.35
"10706",2008.3087431694,26.3
"10707",2008.31147540984,27
"10708",2008.31420765027,27.15
"10709",2008.31693989071,25.9
"10710",2008.31967213115,27.25
"10711",2008.32240437158,23.9
"10712",2008.32513661202,24.35
"10713",2008.32786885246,26.15
"10714",2008.3306010929,23.55
"10715",2008.33333333333,24.9
"10716",2008.33606557377,22
"10717",2008.33879781421,23.45
"10718",2008.34153005464,21.65
"10719",2008.34426229508,21.65
"10720",2008.34699453552,25.15
"10721",2008.34972677596,22.6
"10722",2008.35245901639,20.8
"10723",2008.35519125683,20.7
"10724",2008.35792349727,21.75
"10725",2008.3606557377,23.25
"10726",2008.36338797814,22.4
"10727",2008.36612021858,23.1
"10728",2008.36885245902,24.25
"10729",2008.37158469945,25.35
"10730",2008.37431693989,23.5
"10731",2008.37704918033,24.7
"10732",2008.37978142077,23.2
"10733",2008.3825136612,24.75
"10734",2008.38524590164,23.75
"10735",2008.38797814208,24.05
"10736",2008.39071038251,24.4
"10737",2008.39344262295,25.8
"10738",2008.39617486339,25.3
"10739",2008.39890710383,23.75
"10740",2008.40163934426,25.15
"10741",2008.4043715847,25.1
"10742",2008.40710382514,22.9
"10743",2008.40983606557,23.9
"10744",2008.41256830601,23.7
"10745",2008.41530054645,23.85
"10746",2008.41803278689,24.85
"10747",2008.42076502732,23.55
"10748",2008.42349726776,23.85
"10749",2008.4262295082,25.45
"10750",2008.42896174863,22.95
"10751",2008.43169398907,22.9
"10752",2008.43442622951,25.3
"10753",2008.43715846995,25.5
"10754",2008.43989071038,25.15
"10755",2008.44262295082,24.8
"10756",2008.44535519126,26.35
"10757",2008.44808743169,23.95
"10758",2008.45081967213,22.9
"10759",2008.45355191257,24.6
"10760",2008.45628415301,23.75
"10761",2008.45901639344,23.05
"10762",2008.46174863388,25.2
"10763",2008.46448087432,25.65
"10764",2008.46721311475,23.85
"10765",2008.46994535519,23
"10766",2008.47267759563,23.85
"10767",2008.47540983607,24.1
"10768",2008.4781420765,22.5
"10769",2008.48087431694,25.05
"10770",2008.48360655738,25.7
"10771",2008.48633879781,24.5
"10772",2008.48907103825,23.75
"10773",2008.49180327869,25.75
"10774",2008.49453551913,25.35
"10775",2008.49726775956,22.9
"10776",2008.5,24.85
"10777",2008.50273224044,24.75
"10778",2008.50546448087,22.7
"10779",2008.50819672131,26.9
"10780",2008.51092896175,26.05
"10781",2008.51366120219,22.15
"10782",2008.51639344262,24.8
"10783",2008.51912568306,24.1
"10784",2008.5218579235,25.75
"10785",2008.52459016393,22.25
"10786",2008.52732240437,22.5
"10787",2008.53005464481,25.2
"10788",2008.53278688525,25.2
"10789",2008.53551912568,24.8
"10790",2008.53825136612,24.15
"10791",2008.54098360656,24.5
"10792",2008.54371584699,24.15
"10793",2008.54644808743,23.05
"10794",2008.54918032787,24.1
"10795",2008.55191256831,24.4
"10796",2008.55464480874,26.1
"10797",2008.55737704918,23.4
"10798",2008.56010928962,25.4
"10799",2008.56284153005,24.55
"10800",2008.56557377049,25.4
"10801",2008.56830601093,27.3
"10802",2008.57103825137,25.3
"10803",2008.5737704918,23.7
"10804",2008.57650273224,26.85
"10805",2008.57923497268,27.35
"10806",2008.58196721311,25.3
"10807",2008.58469945355,24.55
"10808",2008.58743169399,24.85
"10809",2008.59016393443,25.35
"10810",2008.59289617486,24.7
"10811",2008.5956284153,24.6
"10812",2008.59836065574,27
"10813",2008.60109289617,24.5
"10814",2008.60382513661,26.15
"10815",2008.60655737705,24.85
"10816",2008.60928961749,25.65
"10817",2008.61202185792,27.85
"10818",2008.61475409836,25.2
"10819",2008.6174863388,27.45
"10820",2008.62021857923,25.6
"10821",2008.62295081967,27.85
"10822",2008.62568306011,27.9
"10823",2008.62841530055,28.25
"10824",2008.63114754098,28.1
"10825",2008.63387978142,25.05
"10826",2008.63661202186,28.4
"10827",2008.6393442623,26.35
"10828",2008.64207650273,27.7
"10829",2008.64480874317,28.9
"10830",2008.64754098361,24.45
"10831",2008.65027322404,26.5
"10832",2008.65300546448,27.9
"10833",2008.65573770492,27.75
"10834",2008.65846994536,28.6
"10835",2008.66120218579,25.1
"10836",2008.66393442623,26.15
"10837",2008.66666666667,26.45
"10838",2008.6693989071,23.1
"10839",2008.67213114754,21.45
"10840",2008.67486338798,26.3
"10841",2008.67759562842,26.85
"10842",2008.68032786885,26.05
"10843",2008.68306010929,27.45
"10844",2008.68579234973,24.45
"10845",2008.68852459016,26
"10846",2008.6912568306,23.75
"10847",2008.69398907104,27.8
"10848",2008.69672131148,26.75
"10849",2008.69945355191,23.85
"10850",2008.70218579235,24.6
"10851",2008.70491803279,24.2
"10852",2008.70765027322,24.05
"10853",2008.71038251366,23.75
"10854",2008.7131147541,25.9
"10855",2008.71584699454,27.85
"10856",2008.71857923497,28.95
"10857",2008.72131147541,24.15
"10858",2008.72404371585,23.65
"10859",2008.72677595628,26.3
"10860",2008.72950819672,28.35
"10861",2008.73224043716,29.15
"10862",2008.7349726776,28.4
"10863",2008.73770491803,26.75
"10864",2008.74043715847,28
"10865",2008.74316939891,29.05
"10866",2008.74590163934,26.8
"10867",2008.74863387978,27.05
"10868",2008.75136612022,28.45
"10869",2008.75409836066,30.15
"10870",2008.75683060109,29.05
"10871",2008.75956284153,27.3
"10872",2008.76229508197,29
"10873",2008.7650273224,26.65
"10874",2008.76775956284,25.7
"10875",2008.77049180328,25.85
"10876",2008.77322404372,24.95
"10877",2008.77595628415,28.45
"10878",2008.77868852459,29.25
"10879",2008.78142076503,26.4
"10880",2008.78415300546,27
"10881",2008.7868852459,27.65
"10882",2008.78961748634,24.9
"10883",2008.79234972678,24.35
"10884",2008.79508196721,24.95
"10885",2008.79781420765,25.45
"10886",2008.80054644809,26.55
"10887",2008.80327868852,24.65
"10888",2008.80601092896,25.85
"10889",2008.8087431694,27.85
"10890",2008.81147540984,25.7
"10891",2008.81420765027,27.5
"10892",2008.81693989071,29
"10893",2008.81967213115,26
"10894",2008.82240437158,26.8
"10895",2008.82513661202,25.05
"10896",2008.82786885246,28.75
"10897",2008.8306010929,24.75
"10898",2008.83333333333,27.25
"10899",2008.83606557377,25.7
"10900",2008.83879781421,26.35
"10901",2008.84153005464,24.2
"10902",2008.84426229508,25.75
"10903",2008.84699453552,27.6
"10904",2008.84972677596,25.15
"10905",2008.85245901639,29.25
"10906",2008.85519125683,28.25
"10907",2008.85792349727,29.3
"10908",2008.8606557377,27.55
"10909",2008.86338797814,26.8
"10910",2008.86612021858,27.4
"10911",2008.86885245902,27.95
"10912",2008.87158469945,24.95
"10913",2008.87431693989,28.6
"10914",2008.87704918033,26.85
"10915",2008.87978142077,25.1
"10916",2008.8825136612,26.85
"10917",2008.88524590164,27.6
"10918",2008.88797814208,27.3
"10919",2008.89071038251,26.3
"10920",2008.89344262295,25.85
"10921",2008.89617486339,27
"10922",2008.89890710383,24.4
"10923",2008.90163934426,24.5
"10924",2008.9043715847,24.65
"10925",2008.90710382514,27.65
"10926",2008.90983606557,27.3
"10927",2008.91256830601,27.1
"10928",2008.91530054645,26.25
"10929",2008.91803278689,27.45
"10930",2008.92076502732,28.25
"10931",2008.92349726776,29.1
"10932",2008.9262295082,27.1
"10933",2008.92896174863,27
"10934",2008.93169398907,25.05
"10935",2008.93442622951,25.5
"10936",2008.93715846995,27.3
"10937",2008.93989071038,28.05
"10938",2008.94262295082,27.15
"10939",2008.94535519126,26.25
"10940",2008.94808743169,26.75
"10941",2008.95081967213,26.65
"10942",2008.95355191257,27.6
"10943",2008.95628415301,28.65
"10944",2008.95901639344,28.05
"10945",2008.96174863388,27.2
"10946",2008.96448087432,27.05
"10947",2008.96721311475,26.95
"10948",2008.96994535519,26.2
"10949",2008.97267759563,29.25
"10950",2008.97540983607,27.95
"10951",2008.9781420765,26.2
"10952",2008.98087431694,26.45
"10953",2008.98360655738,26.6
"10954",2008.98633879781,27.25
"10955",2008.98907103825,28.55
"10956",2008.99180327869,28.7
"10957",2008.99453551913,26.15
"10958",2008.99726775956,26.25
"10959",2009,26.05
"10960",2009.00273972603,24.85
"10961",2009.00547945205,25.45
"10962",2009.00821917808,27.3
"10963",2009.01095890411,24.95
"10964",2009.01369863014,26.6
"10965",2009.01643835616,24.3
"10966",2009.01917808219,24.65
"10967",2009.02191780822,24.05
"10968",2009.02465753425,23.65
"10969",2009.02739726027,23.7
"10970",2009.0301369863,22.9
"10971",2009.03287671233,21.65
"10972",2009.03561643836,22.85
"10973",2009.03835616438,24.55
"10974",2009.04109589041,25.65
"10975",2009.04383561644,25.85
"10976",2009.04657534247,25.05
"10977",2009.04931506849,24.95
"10978",2009.05205479452,25
"10979",2009.05479452055,25.25
"10980",2009.05753424658,25.55
"10981",2009.0602739726,26.6
"10982",2009.06301369863,25.6
"10983",2009.06575342466,25.5
"10984",2009.06849315068,26.05
"10985",2009.07123287671,25.1
"10986",2009.07397260274,25.4
"10987",2009.07671232877,26.25
"10988",2009.07945205479,25.1
"10989",2009.08219178082,24.95
"10990",2009.08493150685,23.7
"10991",2009.08767123288,24.8
"10992",2009.0904109589,24.7
"10993",2009.09315068493,24.25
"10994",2009.09589041096,25.45
"10995",2009.09863013699,26.65
"10996",2009.10136986301,24.6
"10997",2009.10410958904,25.45
"10998",2009.10684931507,26.15
"10999",2009.1095890411,25.15
"11000",2009.11232876712,26.1
"11001",2009.11506849315,24.15
"11002",2009.11780821918,24
"11003",2009.12054794521,26.4
"11004",2009.12328767123,27.15
"11005",2009.12602739726,28.1
"11006",2009.12876712329,25.6
"11007",2009.13150684931,24.55
"11008",2009.13424657534,24.3
"11009",2009.13698630137,24.9
"11010",2009.1397260274,25.6
"11011",2009.14246575342,27
"11012",2009.14520547945,28.05
"11013",2009.14794520548,27.1
"11014",2009.15068493151,26.2
"11015",2009.15342465753,25
"11016",2009.15616438356,25.8
"11017",2009.15890410959,25.15
"11018",2009.16164383562,26.3
"11019",2009.16438356164,25.4
"11020",2009.16712328767,25.5
"11021",2009.1698630137,23.25
"11022",2009.17260273973,25.2
"11023",2009.17534246575,24.8
"11024",2009.17808219178,26.35
"11025",2009.18082191781,24.9
"11026",2009.18356164384,24.05
"11027",2009.18630136986,25.95
"11028",2009.18904109589,25.65
"11029",2009.19178082192,24.35
"11030",2009.19452054795,26.45
"11031",2009.19726027397,24.1
"11032",2009.2,23.95
"11033",2009.20273972603,25.25
"11034",2009.20547945205,25.45
"11035",2009.20821917808,26
"11036",2009.21095890411,24.75
"11037",2009.21369863014,24.45
"11038",2009.21643835616,25.8
"11039",2009.21917808219,23.9
"11040",2009.22191780822,25.85
"11041",2009.22465753425,24.35
"11042",2009.22739726027,25.8
"11043",2009.2301369863,24.75
"11044",2009.23287671233,23.3
"11045",2009.23561643836,25.15
"11046",2009.23835616438,27.05
"11047",2009.24109589041,26.25
"11048",2009.24383561644,24.4
"11049",2009.24657534247,25.9
"11050",2009.24931506849,26.55
"11051",2009.25205479452,26.1
"11052",2009.25479452055,27.95
"11053",2009.25753424658,25.25
"11054",2009.2602739726,24.1
"11055",2009.26301369863,24.15
"11056",2009.26575342466,23.35
"11057",2009.26849315068,24.4
"11058",2009.27123287671,25.15
"11059",2009.27397260274,23.05
"11060",2009.27671232877,26.35
"11061",2009.27945205479,24.85
"11062",2009.28219178082,26.6
"11063",2009.28493150685,24.15
"11064",2009.28767123288,23.95
"11065",2009.2904109589,25.05
"11066",2009.29315068493,25.1
"11067",2009.29589041096,26.4
"11068",2009.29863013699,24.65
"11069",2009.30136986301,24.1
"11070",2009.30410958904,25
"11071",2009.30684931507,26.25
"11072",2009.3095890411,25.8
"11073",2009.31232876712,25.8
"11074",2009.31506849315,24.55
"11075",2009.31780821918,24.7
"11076",2009.32054794521,25.85
"11077",2009.32328767123,25.05
"11078",2009.32602739726,25.25
"11079",2009.32876712329,25.2
"11080",2009.33150684932,23.45
"11081",2009.33424657534,26.25
"11082",2009.33698630137,26.7
"11083",2009.3397260274,26.8
"11084",2009.34246575342,27.85
"11085",2009.34520547945,24.7
"11086",2009.34794520548,25.05
"11087",2009.35068493151,25.15
"11088",2009.35342465753,25.15
"11089",2009.35616438356,26.3
"11090",2009.35890410959,26.9
"11091",2009.36164383562,25.65
"11092",2009.36438356164,27.65
"11093",2009.36712328767,25.05
"11094",2009.3698630137,25.75
"11095",2009.37260273973,26.15
"11096",2009.37534246575,27.45
"11097",2009.37808219178,24.65
"11098",2009.38082191781,24.35
"11099",2009.38356164384,24.4
"11100",2009.38630136986,22.85
"11101",2009.38904109589,24.3
"11102",2009.39178082192,25.75
"11103",2009.39452054795,24.3
"11104",2009.39726027397,23.05
"11105",2009.4,21.95
"11106",2009.40273972603,22.75
"11107",2009.40547945205,23.25
"11108",2009.40821917808,25.2
"11109",2009.41095890411,25.35
"11110",2009.41369863014,23.85
"11111",2009.41643835616,23.55
"11112",2009.41917808219,21.45
"11113",2009.42191780822,22.6
"11114",2009.42465753425,24.4
"11115",2009.42739726027,21.6
"11116",2009.4301369863,22.95
"11117",2009.43287671233,21.85
"11118",2009.43561643836,24.2
"11119",2009.43835616438,24.2
"11120",2009.44109589041,23.1
"11121",2009.44383561644,25.2
"11122",2009.44657534247,23.3
"11123",2009.44931506849,23.7
"11124",2009.45205479452,25.45
"11125",2009.45479452055,25.55
"11126",2009.45753424658,25.05
"11127",2009.4602739726,26.5
"11128",2009.46301369863,25.65
"11129",2009.46575342466,23.9
"11130",2009.46849315068,24.4
"11131",2009.47123287671,26.55
"11132",2009.47397260274,25.6
"11133",2009.47671232877,25.65
"11134",2009.47945205479,24.6
"11135",2009.48219178082,23.35
"11136",2009.48493150685,23.25
"11137",2009.48767123288,24.85
"11138",2009.4904109589,25.4
"11139",2009.49315068493,23.25
"11140",2009.49589041096,24.55
